Workbook

Sheet Hoja1
A1: N° de serie | B1: Year | C1: Quarter | D1: Month | E1: Day | F1: Categoría | G1: T. respuesta | H1: Business Team | I1: Pago Base CDMX y área metropolitana | J1: Pago Base Interior | K1: menos de 3 días | L1: entre 3 y 6 días | M1: entre 7 y 15 días | N1: entre 16 y 30 días | O1: entre 31 y 59 días | P1: 60 días o más | Q1: REGION | R1: TR Ciudades principales | S1: TR Otras ciudades | T1: Loc TR | U1: familia matriz global | V1: Cliente | W1: Ruta | X1: Year.1 | Y1: Quarter.1 | Z1: Month.1 | AA1: Day.1 | AB1: time | AC1: pagofinal
A2: 2411031 | B2: 2019 | C2: Qtr 2 | D2: April | E2: 12 | F2: CONFIGURACION | G2: 0.6666667 | H2: WF Mono Systems and Legacy Color | I2: 803 | J2: 1573 | K2: 0.2 | L2: 0.6 | M2: 0.8 | N2: 1.05 | O2: 1.1 | P2: 1.15 | Q2: INTERIOR | R2: 4 | S2: 6 | T2: Ciudad principal | U2: WF Mono Systems and Legacy Color | V2: XEROX MEXICANA SA DE CV / XEROX MEXICANA | W2: QUERETARO | X2: 2019 | Y2: Qtr 2 | Z2: April | AA2: 12 | AB2: 0 | AC2: 235.95
A3: 02TX061945 | B3: 2019 | C3: Qtr 2 | D3: April | E3: 9 | F3: CORRECTIVO | G3: 0 | H3: A3 Office Color Laser MFPs | I3: 655 | J3: 1365 | K3: 0 | L3: 0 | M3: 0.6 | N3: 0.8 | O3: 1.05 | P3: 1.1 | Q3: INTERIOR | R3: 5 | S3: 9 | T3: Ciudad principal | U3: A3 Office Color Laser MFPs | V3: XEROX MEXICANA SA DE CV / XEROX MEXICANA | W3: CHIHUAHUA | X3: 2019 | Y3: Qtr 2 | Z3: April | AA3: 10 | AB3: 0 | AC3: 1501.5
A4: 03AG873545 | B4: 2019 | C4: Qtr 2 | D4: April | E4: 9 | F4: CORRECTIVO | G4: 0.5333334 | H4: Departmental Digital | I4: 655 | J4: 1365 | K4: 0 | L4: 0 | M4: 0.6 | N4: 0.8 | O4: 1.05 | P4: 1.1 | Q4: INTERIOR | R4: 5 | S4: 9 | T4: Ciudad principal | U4: Light Production Digital Business | V4: XEROX MEXICANA SA DE CV / XEROX MEXICANA | W4: QUERETARO | X4: 2019 | Y4: Qtr 2 | Z4: April | AA4: 11 | AB4: 82 | AC4: 136.5
A5: 03AG873545 | B5: 2019 | C5: Qtr 2 | D5: April | E5: 23 | F5: CORRECTIVO | G5: 0.7166666 | H5: Departmental Digital | I5: 655 | J5: 1365 | K5: 0 | L5: 0 | M5: 0.6 | N5: 0.8 | O5: 1.05 | P5: 1.1 | Q5: INTERIOR | R5: 5 | S5: 9 | T5: Ciudad principal | U5: Light Production Digital Business | V5: XEROX MEXICANA SA DE CV / XEROX MEXICANA | W5: QUERETARO | X5: 2019 | Y5: Qtr 2 | Z5: April | AA5: 23 | AB5: 14 | AC5: -546
A6: 03AG873545 | B6: 2019 | C6: Qtr 2 | D6: April | E6: 29 | F6: CORRECTIVO | G6: 0.75 | H6: Departmental Digital | I6: 655 | J6: 1365 | K6: 0 | L6: 0 | M6: 0.6 | N6: 0.8 | O6: 1.05 | P6: 1.1 | Q6: INTERIOR | R6: 5 | S6: 9 | T6: Ciudad principal | U6: Light Production Digital Business | V6: XEROX MEXICANA SA DE CV / XEROX MEXICANA | W6: QUERETARO | X6: 2019 | Y6: Qtr 2 | Z6: April | AA6: 29 | AB6: 6 | AC6: -1365
A7: 03AG876220 | B7: 2019 | C7: Qtr 2 | D7: April | E7: 24 | F7: CORRECTIVO | G7: 1.683333 | H7: Departmental Digital | I7: 655 | J7: 1365 | K7: 0 | L7: 0 | M7: 0.6 | N7: 0.8 | O7: 1.05 | P7: 1.1 | Q7: METRO | R7: 5 | S7: 9 | T7: Ciudad principal | U7: Light Production Digital Business | V7: XEROX MEXICANA SA DE CV / XEROX MEXICANA | W7: CHIHUAHUA | X7: 2019 | Y7: Qtr 2 | Z7: April | AA7: 24 | AB7: 47 | AC7: 365.11377
A8: 03AG877768 | B8: 2019 | C8: Qtr 2 | D8: April | E8: 10 | F8: CORRECTIVO | G8: 0.5833333 | H8: Departmental Digital | I8: 655 | J8: 1365 | K8: 0 | L8: 0 | M8: 0.6 | N8: 0.8 | O8: 1.05 | P8: 1.1 | Q8: INTERIOR | R8: 5 | S8: 9 | T8: Ciudad principal | U8: Light Production Digital Business | V8: XEROX MEXICANA SA DE CV / XEROX MEXICANA | W8: QUERETARO | X8: 2019 | Y8: Qtr 2 | Z8: April | AA8: 10 | AB8: 0 | AC8: 136.5
A9: 03AG877879 | B9: 2019 | C9: Qtr 2 | D9: April | E9: 8 | F9: CORRECTIVO | G9: 1.5 | H9: Departmental Digital | I9: 655 | J9: 1365 | K9: 0 | L9: 0 | M9: 0.6 | N9: 0.8 | O9: 1.05 | P9: 1.1 | Q9: INTERIOR | R9: 5 | S9: 9 | T9: Ciudad principal | U9: Light Production Digital Business | V9: XEROX MEXICANA SA DE CV / XEROX MEXICANA | W9: NUEVO LEON | X9: 2019 | Y9: Qtr 2 | Z9: April | AA9: 8 | AB9: 0 | AC9: 136.5
A10: 03AG877899 | B10: 2019 | C10: Qtr 2 | D10: April | E10: 22 | F10: CORRECTIVO | G10: 1.75 | H10: Departmental Digital | I10: 655 | J10: 1365 | K10: 0 | L10: 0 | M10: 0.6 | N10: 0.8 | O10: 1.05 | P10: 1.1 | Q10: INTERIOR | R10: 5 | S10: 9 | T10: Ciudad principal | U10: Light Production Digital Business | V10: XEROX MEXICANA SA DE CV / XEROX MEXICANA | W10: TAMAULIPAS | X10: 2019 | Y10: Qtr 2 | Z10: April | AA10: 22 | AB10: 0 | AC10: 867.75
A11: 03AG879434 | B11: 2019 | C11: Qtr 2 | D11: April | E11: 25 | F11: CORRECTIVO | G11: 1.416667 | H11: Departmental Digital | I11: 655 | J11: 1365 | K11: 0 | L11: 0 | M11: 0.6 | N11: 0.8 | O11: 1.05 | P11: 1.1 | Q11: INTERIOR | R11: 5 | S11: 9 | T11: Ciudad principal | U11: Light Production Digital Business | V11: XEROX MEXICANA SA DE CV / XEROX MEXICANA | W11: QUERETARO | X11: 2019 | Y11: Qtr 2 | Z11: April | AA11: 25 | AB11: 0 | AC11: 136.5
A12: 03AG879544 | B12: 2019 | C12: Qtr 2 | D12: April | E12: 12 | F12: CORRECTIVO | G12: 2.1 | H12: Departmental Digital | I12: 655 | J12: 1365 | K12: 0 | L12: 0 | M12: 0.6 | N12: 0.8 | O12: 1.05 | P12: 1.1 | Q12: INTERIOR | R12: 5 | S12: 9 | T12: Ciudad principal | U12: Light Production Digital Business | V12: XEROX MEXICANA SA DE CV / XEROX MEXICANA | W12: JALISCO | X12: 2019 | Y12: Qtr 2 | Z12: April | AA12: 16 | AB12: 0 | AC12: 1030.25
A13: 03AG879544 | B13: 2019 | C13: Qtr 2 | D13: April | E13: 16 | F13: MANTENIMIENTO PREVENTIVO | G13: 0 | H13: Departmental Digital | I13: 655 | J13: 1365 | K13: 0 | L13: 0 | M13: 0.6 | N13: 0.8 | O13: 1.05 | P13: 1.1 | Q13: INTERIOR | R13: 5 | S13: 9 | T13: Ciudad principal | U13: Light Production Digital Business | V13: XEROX MEXICANA SA DE CV / XEROX MEXICANA | W13: JALISCO | X13: 2019 | Y13: Qtr 2 | Z13: April | AA13: 16 | AB13: 0 | AC13: 1365
A14: 03AG879576 | B14: 2019 | C14: Qtr 2 | D14: April | E14: 26 | F14: CORRECTIVO | G14: 0.8666667 | H14: Departmental Digital | I14: 655 | J14: 1365 | K14: 0 | L14: 0 | M14: 0.6 | N14: 0.8 | O14: 1.05 | P14: 1.1 | Q14: INTERIOR | R14: 5 | S14: 9 | T14: Ciudad principal | U14: Light Production Digital Business | V14: XEROX MEXICANA SA DE CV / XEROX MEXICANA | W14: GUANAJUATO | X14: 2019 | Y14: Qtr 2 | Z14: April | AA14: 26 | AB14: 0 | AC14: 136.5
... A52: 08TB572633 | B52: 2019 | C52: Qtr 2 | D52: April | E52: 10 | F52: CORRECTIVO | G52: 1.183333 | H52: A3 Office Color Laser MFPs | I52: 655 | J52: 1365 | K52: 0 | L52: 0 | M52: 0.6 | N52: 0.8 | O52: 1.05 | P52: 1.1 | Q52: INTERIOR | R52: 5 | S52: 9 | T52: Ciudad principal | U52: A3 Office Color Laser MFPs | V52: XEROX MEXICANA SA DE CV / XEROX MEXICANA | W52: CHIHUAHUA | X52: 2019 | Y52: Qtr 2 | Z52: April | AA52: 15 | AB52: 345 | AC52: 136.5
A53: 08TB608554 | B53: 2019 | C53: Qtr 2 | D53: April | E53: 3 | F53: CORRECTIVO | G53: 0.95 | I53: NA | J53: NA | K53: NA | L53: NA | M53: NA | N53: NA | O53: NA | P53: NA | R53: NA | S53: NA | U53: A3 Office Color Laser MFPs | V53: XEROX MEXICANA SA DE CV / XEROX MEXICANA | W53: NUEVO LEON | X53: 2019 | Y53: Qtr 2 | Z53: April | AA53: 5 | AB53: 0 | AC53: 1501.5
A54: 09HB317209 | B54: 2019 | C54: Qtr 2 | D54: April | E54: 23 | F54: CORRECTIVO | G54: 0.8833333 | H54: A4 Mono MFPs | I54: 468 | J54: 715 | K54: 0 | L54: 0 | M54: 0 | N54: 0.6 | O54: 0.8 | P54: 1.05 | Q54: INTERIOR | R54: 5 | S54: 9 | T54: Ciudad principal | U54: A4 Mono MFPs | V54: XEROX MEXICANA SA DE CV / XEROX MEXICANA | W54: NUEVO LEON | X54: 2019 | Y54: Qtr 2 | Z54: April | AA54: 23 | AB54: 189 | AC54: 35.75
A55: 09HB317209 | B55: 2019 | C55: Qtr 2 | D55: April | E55: 26 | F55: CORRECTIVO | G55: 1.066667 | H55: A4 Mono MFPs | I55: 468 | J55: 715 | K55: 0 | L55: 0 | M55: 0 | N55: 0.6 | O55: 0.8 | P55: 1.05 | Q55: INTERIOR | R55: 5 | S55: 9 | T55: Ciudad principal | U55: A4 Mono MFPs | V55: XEROX MEXICANA SA DE CV / XEROX MEXICANA | W55: NUEVO LEON | X55: 2019 | Y55: Qtr 2 | Z55: April | AA55: 26 | AB55: 3 | AC55: -715
A56: 09HB318209 | B56: 2019 | C56: Qtr 2 | D56: April | E56: 11 | F56: CORRECTIVO | G56: 0.7666667 | H56: A4 Mono MFPs | I56: 468 | J56: 715 | K56: 0 | L56: 0 | M56: 0 | N56: 0.6 | O56: 0.8 | P56: 1.05 | Q56: INTERIOR | R56: 5 | S56: 9 | T56: Otras | U56: A4 Mono MFPs | V56: XEROX MEXICANA SA DE CV / XEROX MEXICANA | W56: COAHUILA | X56: 2019 | Y56: Qtr 2 | Z56: April | AA56: 11 | AB56: 0 | AC56: 35.75
A57: 09HB320584 | B57: 2019 | C57: Qtr 2 | D57: April | E57: 9 | F57: CORRECTIVO | G57: 3.25 | I57: NA | J57: NA | K57: NA | L57: NA | M57: NA | N57: NA | O57: NA | P57: NA | R57: NA | S57: NA | U57: A4 Mono MFPs | V57: XEROX MEXICANA SA DE CV / XEROX MEXICANA | W57: CHIHUAHUA | X57: 2019 | Y57: Qtr 2 | Z57: April | AA57: 10 | AB57: 0 | AC57: 750.75
A58: 09HB320824 | B58: 2019 | C58: Qtr 2 | D58: April | E58: 12 | F58: CORRECTIVO | G58: 1.183333 | H58: A4 Mono MFPs | I58: 468 | J58: 715 | K58: 0 | L58: 0 | M58: 0 | N58: 0.6 | O58: 0.8 | P58: 1.05 | Q58: INTERIOR | R58: 5 | S58: 9 | T58: Ciudad principal | U58: A4 Mono MFPs | V58: XEROX MEXICANA SA DE CV / XEROX MEXICANA | W58: NUEVO LEON | X58: 2019 | Y58: Qtr 2 | Z58: April | AA58: 12 | AB58: 0 | AC58: 35.75
A59: 09HB320873 | B59: 2019 | C59: Qtr 2 | D59: April | E59: 8 | F59: CORRECTIVO | G59: 1.9 | H59: A4 Mono MFPs | I59: 468 | J59: 715 | K59: 0 | L59: 0 | M59: 0 | N59: 0.6 | O59: 0.8 | P59: 1.05 | Q59: INTERIOR | R59: 5 | S59: 9 | T59: Ciudad principal | U59: A4 Mono MFPs | V59: XEROX MEXICANA SA DE CV / XEROX MEXICANA | W59: ESTADO DE MEXICO | X59: 2019 | Y59: Qtr 2 | Z59: April | AA59: 8 | AB59: 257 | AC59: 459.10526
A60: 09HB321202 | B60: 2019 | C60: Qtr 2 | D60: April | E60: 8 | F60: CORRECTIVO | G60: 0.3833333 | H60: A4 Mono MFPs | I60: 468 | J60: 715 | K60: 0 | L60: 0 | M60: 0 | N60: 0.6 | O60: 0.8 | P60: 1.05 | Q60: INTERIOR | R60: 5 | S60: 9 | T60: Otras | U60: A4 Mono MFPs | V60: XEROX MEXICANA SA DE CV / XEROX MEXICANA | W60: COAHUILA | X60: 2019 | Y60: Qtr 2 | Z60: April | AA60: 8 | AB60: 0 | AC60: 35.75
A61: 09HB321394 | B61: 2019 | C61: Qtr 2 | D61: April | E61: 3 | F61: CORRECTIVO | G61: 8.133333 | H61: A4 Mono MFPs | I61: 468 | J61: 715 | K61: 0 | L61: 0 | M61: 0 | N61: 0.6 | O61: 0.8 | P61: 1.05 | Q61: INTERIOR | R61: 5 | S61: 9 | T61: Otras | U61: A4 Mono MFPs | V61: XEROX MEXICANA SA DE CV / XEROX MEXICANA | W61: CHIHUAHUA | X61: 2019 | Y61: Qtr 2 | Z61: April | AA61: 4 | AB61: 317 | AC61: 731.70286
A62: 09HB321575 | B62: 2019 | C62: Qtr 1 | D62: March | E62: 31 | F62: MANTENIMIENTO PREVENTIVO | G62: 0.1666667 | H62: A4 Mono MFPs | I62: 468 | J62: 715 | K62: 0 | L62: 0 | M62: 0 | N62: 0.6 | O62: 0.8 | P62: 1.05 | Q62: INTERIOR | R62: 5 | S62: 9 | T62: Ciudad principal | U62: A4 Mono MFPs | V62: XEROX MEXICANA SA DE CV / XEROX MEXICANA | W62: CHIHUAHUA | X62: 2019 | Y62: Qtr 2 | Z62: April | AA62: 1 | AB62: 24 | AC62: 715
A63: 09HB321576 | B63: 2019 | C63: Qtr 2 | D63: April | E63: 25 | F63: CORRECTIVO | G63: 0.5666667 | H63: A4 Mono MFPs | I63: 468 | J63: 715 | K63: 0 | L63: 0 | M63: 0 | N63: 0.6 | O63: 0.8 | P63: 1.05 | Q63: INTERIOR | R63: 5 | S63: 9 | T63: Ciudad principal | U63: A4 Mono MFPs | V63: XEROX MEXICANA SA DE CV / XEROX MEXICANA | W63: NUEVO LEON | X63: 2019 | Y63: Qtr 2 | Z63: April | AA63: 26 | AB63: 94 | AC63: 35.75
A64: 09HB321623 | B64: 2019 | C64: Qtr 2 | D64: April | E64: 26 | F64: CORRECTIVO | G64: 0.7666667 | H64: A4 Mono MFPs | I64: 468 | J64: 715 | K64: 0 | L64: 0 | M64: 0 | N64: 0.6 | O64: 0.8 | P64: 1.05 | Q64: INTERIOR | R64: 5 | S64: 9 | T64: Ciudad principal | U64: A4 Mono MFPs | V64: XEROX MEXICANA SA DE CV / XEROX MEXICANA | W64: NUEVO LEON | X64: 2019 | Y64: Qtr 2 | Z64: April | AA64: 26 | AB64: 7257600 | AC64: 35.75
A65: 09HB321648 | B65: 2019 | C65: Qtr 2 | D65: April | E65: 17 | F65: CORRECTIVO | G65: 1.266667 | H65: A4 Mono MFPs | I65: 468 | J65: 715 | K65: 0 | L65: 0 | M65: 0 | N65: 0.6 | O65: 0.8 | P65: 1.05 | Q65: INTERIOR | R65: 5 | S65: 9 | T65: Ciudad principal | U65: A4 Mono MFPs | V65: XEROX MEXICANA SA DE CV / XEROX MEXICANA | W65: NUEVO LEON | X65: 2019 | Y65: Qtr 2 | Z65: April | AA65: 17 | AB65: 0 | AC65: 35.75
A66: 09HB325731 | B66: 2019 | C66: Qtr 2 | D66: April | E66: 8 | F66: CORRECTIVO | G66: 1.133333 | H66: A4 Mono MFPs | I66: 468 | J66: 715 | K66: 0 | L66: 0 | M66: 0 | N66: 0.6 | O66: 0.8 | P66: 1.05 | Q66: INTERIOR | R66: 5 | S66: 9 | T66: Ciudad principal | U66: A4 Mono MFPs | V66: XEROX MEXICANA SA DE CV / XEROX MEXICANA | W66: NUEVO LEON | X66: 2019 | Y66: Qtr 2 | Z66: April | AA66: 8 | AB66: 341 | AC66: 35.75
A67: 09HB325846 | B67: 2019 | C67: Qtr 2 | D67: April | E67: 24 | F67: CORRECTIVO | G67: 3.333333 | H67: A4 Mono MFPs | I67: 468 | J67: 715 | K67: 0 | L67: 0 | M67: 0 | N67: 0.6 | O67: 0.8 | P67: 1.05 | Q67: INTERIOR | R67: 5 | S67: 9 | T67: Otras | U67: A4 Mono MFPs | V67: XEROX MEXICANA SA DE CV / XEROX MEXICANA | W67: TAMAULIPAS | X67: 2019 | Y67: Qtr 2 | Z67: April | AA67: 25 | AB67: 357 | AC67: 446.87495
A68: 09HB325909 | B68: 2019 | C68: Qtr 2 | D68: April | E68: 17 | F68: CORRECTIVO | G68: 2.2 | H68: A4 Mono MFPs | I68: 468 | J68: 715 | K68: 0 | L68: 0 | M68: 0 | N68: 0.6 | O68: 0.8 | P68: 1.05 | Q68: INTERIOR | R68: 5 | S68: 9 | T68: Otras | U68: A4 Mono MFPs | V68: XEROX MEXICANA SA DE CV / XEROX MEXICANA | W68: NUEVO LEON | X68: 2019 | Y68: Qtr 2 | Z68: April | AA68: 17 | AB68: 0 | AC68: 35.75
A69: 09HB328020 | B69: 2019 | C69: Qtr 2 | D69: April | E69: 5 | F69: CORRECTIVO | G69: 1.566667 | H69: A4 Mono MFPs | I69: 468 | J69: 715 | K69: 0 | L69: 0 | M69: 0 | N69: 0.6 | O69: 0.8 | P69: 1.05 | Q69: INTERIOR | R69: 5 | S69: 9 | T69: Ciudad principal | U69: A4 Mono MFPs | V69: XEROX MEXICANA SA DE CV / XEROX MEXICANA | W69: QUERETARO | X69: 2019 | Y69: Qtr 2 | Z69: April | AA69: 5 | AB69: 0 | AC69: 35.75
... A107: 0A1H022379 | B107: 2019 | C107: Qtr 2 | D107: April | E107: 25 | F107: CORRECTIVO | G107: 1.416667 | H107: WF Mono Systems and Legacy Color | I107: 803 | J107: 1573 | K107: 0.2 | L107: 0.6 | M107: 0.8 | N107: 1.05 | O107: 1.1 | P107: 1.15 | Q107: INTERIOR | R107: 4 | S107: 6 | T107: Ciudad principal | U107: WF Mono Systems and Legacy Color | V107: XEROX MEXICANA SA DE CV / XEROX MEXICANA | W107: CHIHUAHUA | X107: 2019 | Y107: Qtr 2 | Z107: April | AA107: 25 | AB107: 185 | AC107: 1091.8473
A108: 0A1H022391 | B108: 2019 | C108: Qtr 2 | D108: April | E108: 4 | F108: CORRECTIVO | G108: 1.766667 | I108: NA | J108: NA | K108: NA | L108: NA | M108: NA | N108: NA | O108: NA | P108: NA | R108: NA | S108: NA | U108: WF Mono Systems and Legacy Color | V108: XEROX MEXICANA SA DE CV / XEROX MEXICANA | W108: SAN LUIS POTOSI | X108: 2019 | Y108: Qtr 2 | Z108: April | AA108: 5 | AB108: 0 | AC108: 235.95
A109: 0A1H022401 | B109: 2019 | C109: Qtr 2 | D109: April | E109: 11 | F109: CORRECTIVO | G109: 0.4833333 | H109: WF Mono Systems and Legacy Color | I109: 803 | J109: 1573 | K109: 0.2 | L109: 0.6 | M109: 0.8 | N109: 1.05 | O109: 1.1 | P109: 1.15 | Q109: INTERIOR | R109: 4 | S109: 6 | T109: Ciudad principal | U109: WF Mono Systems and Legacy Color | V109: XEROX MEXICANA SA DE CV / XEROX MEXICANA | W109: QUERETARO | X109: 2019 | Y109: Qtr 2 | Z109: April | AA109: 12 | AB109: 0 | AC109: 235.95
A110: 0A1H022530 | B110: 2019 | C110: Qtr 2 | D110: April | E110: 15 | F110: CORRECTIVO | G110: 1.116667 | H110: WF Mono Systems and Legacy Color | I110: 803 | J110: 1573 | K110: 0.2 | L110: 0.6 | M110: 0.8 | N110: 1.05 | O110: 1.1 | P110: 1.15 | Q110: INTERIOR | R110: 4 | S110: 6 | T110: Ciudad principal | U110: WF Mono Systems and Legacy Color | V110: XEROX MEXICANA SA DE CV / XEROX MEXICANA | W110: JALISCO | X110: 2019 | Y110: Qtr 2 | Z110: April | AA110: 15 | AB110: 0 | AC110: 235.95
A111: 0A1H022532 | B111: 2019 | C111: Qtr 2 | D111: April | E111: 25 | F111: MANTENIMIENTO PREVENTIVO | G111: 0 | H111: WF Mono Systems and Legacy Color | I111: 803 | J111: 1573 | K111: 0.2 | L111: 0.6 | M111: 0.8 | N111: 1.05 | O111: 1.1 | P111: 1.15 | Q111: INTERIOR | R111: 4 | S111: 6 | T111: Ciudad principal | U111: WF Mono Systems and Legacy Color | V111: XEROX MEXICANA SA DE CV / XEROX MEXICANA | W111: JALISCO | X111: 2019 | Y111: Qtr 2 | Z111: April | AA111: 25 | AB111: 0 | AC111: 1573
A112: 0A2T199725 | B112: 2019 | C112: Qtr 2 | D112: April | E112: 25 | F112: CORRECTIVO | G112: 1.983333 | H112: A4 Mono MFPs | I112: 468 | J112: 715 | K112: 0 | L112: 0 | M112: 0 | N112: 0.6 | O112: 0.8 | P112: 1.05 | Q112: INTERIOR | R112: 5 | S112: 9 | T112: Ciudad principal | U112: A4 Mono MFPs | V112: XEROX MEXICANA SA DE CV / XEROX MEXICANA | W112: JALISCO | X112: 2019 | Y112: Qtr 2 | Z112: April | AA112: 26 | AB112: 0 | AC112: 478.86967
A113: 0A2T199940 | B113: 2019 | C113: Qtr 2 | D113: April | E113: 4 | F113: CORRECTIVO | G113: 1.5 | H113: A4 Mono MFPs | I113: 468 | J113: 715 | K113: 0 | L113: 0 | M113: 0 | N113: 0.6 | O113: 0.8 | P113: 1.05 | Q113: INTERIOR | R113: 5 | S113: 9 | T113: Ciudad principal | U113: A4 Mono MFPs | V113: XEROX MEXICANA SA DE CV / XEROX MEXICANA | W113: ESTADO DE MEXICO | X113: 2019 | Y113: Qtr 2 | Z113: April | AA113: 11 | AB113: 35 | AC113: -143
A114: 0A2T200060 | B114: 2019 | C114: Qtr 2 | D114: April | E114: 17 | F114: CORRECTIVO | G114: 3.133333 | H114: A4 Mono MFPs | I114: 468 | J114: 715 | K114: 0 | L114: 0 | M114: 0 | N114: 0.6 | O114: 0.8 | P114: 1.05 | Q114: INTERIOR | R114: 5 | S114: 9 | T114: Ciudad principal | U114: A4 Mono MFPs | V114: XEROX MEXICANA SA DE CV / XEROX MEXICANA | W114: JALISCO | X114: 2019 | Y114: Qtr 2 | Z114: April | AA114: 17 | AB114: 0 | AC114: 644.26061
A115: 0A2T200458 | B115: 2019 | C115: Qtr 2 | D115: April | E115: 4 | F115: CORRECTIVO | G115: 2.45 | H115: A4 Mono MFPs | I115: 468 | J115: 715 | K115: 0 | L115: 0 | M115: 0 | N115: 0.6 | O115: 0.8 | P115: 1.05 | Q115: INTERIOR | R115: 5 | S115: 9 | T115: Otras | U115: A4 Mono MFPs | V115: XEROX MEXICANA SA DE CV / XEROX MEXICANA | W115: NUEVO LEON | X115: 2019 | Y115: Qtr 2 | Z115: April | AA115: 8 | AB115: 0 | AC115: 35.75
A116: 0A2T367031 | B116: 2019 | C116: Qtr 2 | D116: April | E116: 11 | F116: CORRECTIVO | G116: 2.833333 | H116: A4 Mono MFPs | I116: 468 | J116: 715 | K116: 0 | L116: 0 | M116: 0 | N116: 0.6 | O116: 0.8 | P116: 1.05 | Q116: INTERIOR | R116: 5 | S116: 9 | T116: Otras | U116: A4 Mono MFPs | V116: XEROX MEXICANA SA DE CV / XEROX MEXICANA | W116: NUEVO LEON | X116: 2019 | Y116: Qtr 2 | Z116: April | AA116: 12 | AB116: 0 | AC116: 35.75
A117: 0A2T369923 | B117: 2019 | C117: Qtr 1 | D117: March | E117: 28 | F117: CORRECTIVO | G117: 0 | H117: A4 Mono MFPs | I117: 468 | J117: 715 | K117: 0 | L117: 0 | M117: 0 | N117: 0.6 | O117: 0.8 | P117: 1.05 | Q117: INTERIOR | R117: 5 | S117: 9 | T117: Otras | U117: A4 Mono MFPs | V117: XEROX MEXICANA SA DE CV / XEROX MEXICANA | W117: TAMAULIPAS | X117: 2019 | Y117: Qtr 2 | Z117: April | AA117: 4 | AB117: 0 | AC117: 750.75
A118: 0A2T370560 | B118: 2019 | C118: Qtr 2 | D118: April | E118: 9 | F118: CORRECTIVO | G118: 0.08333334 | H118: A4 Mono MFPs | I118: 468 | J118: 715 | K118: 0 | L118: 0 | M118: 0 | N118: 0.6 | O118: 0.8 | P118: 1.05 | Q118: INTERIOR | R118: 5 | S118: 9 | T118: Ciudad principal | U118: A4 Mono MFPs | V118: XEROX MEXICANA SA DE CV / XEROX MEXICANA | W118: CHIHUAHUA | X118: 2019 | Y118: Qtr 2 | Z118: April | AA118: 11 | AB118: 92 | AC118: 35.75
A119: 0A2T380265 | B119: 2019 | C119: Qtr 2 | D119: April | E119: 2 | F119: CORRECTIVO | G119: 2.65 | H119: A4 Mono MFPs | I119: 468 | J119: 715 | K119: 0 | L119: 0 | M119: 0 | N119: 0.6 | O119: 0.8 | P119: 1.05 | Q119: INTERIOR | R119: 5 | S119: 9 | T119: Ciudad principal | U119: A4 Mono MFPs | V119: XEROX MEXICANA SA DE CV / XEROX MEXICANA | W119: JALISCO | X119: 2019 | Y119: Qtr 2 | Z119: April | AA119: 4 | AB119: 0 | AC119: 592.23585
A120: 0A2T382394 | B120: 2019 | C120: Qtr 2 | D120: April | E120: 10 | F120: MANTENIMIENTO PREVENTIVO | G120: 0 | H120: A4 Mono MFPs | I120: 468 | J120: 715 | K120: 0 | L120: 0 | M120: 0 | N120: 0.6 | O120: 0.8 | P120: 1.05 | Q120: INTERIOR | R120: 5 | S120: 9 | T120: Ciudad principal | U120: A4 Mono MFPs | V120: XEROX MEXICANA SA DE CV / XEROX MEXICANA | W120: CHIHUAHUA | X120: 2019 | Y120: Qtr 2 | Z120: April | AA120: 11 | AB120: 147 | AC120: 715
... A123: 0A2T382396 | B123: 2019 | C123: Qtr 2 | D123: April | E123: 24 | F123: CORRECTIVO | G123: 0 | H123: A4 Mono MFPs | I123: 468 | J123: 715 | K123: 0 | L123: 0 | M123: 0 | N123: 0.6 | O123: 0.8 | P123: 1.05 | Q123: INTERIOR | R123: 5 | S123: 9 | T123: Ciudad principal | U123: A4 Mono MFPs | V123: XEROX MEXICANA SA DE CV / XEROX MEXICANA | W123: CHIHUAHUA | X123: 2019 | Y123: Qtr 2 | Z123: April | AA123: 24 | AB123: 1 | AC123: 0
A124: 0A4T021913 | B124: 2019 | C124: Qtr 2 | D124: April | E124: 1 | F124: CORRECTIVO | G124: 1.283333 | I124: NA | J124: NA | K124: NA | L124: NA | M124: NA | N124: NA | O124: NA | P124: NA | R124: NA | S124: NA | U124: A4 Mono MFPs | V124: XEROX MEXICANA SA DE CV / XEROX MEXICANA | W124: CHIHUAHUA | X124: 2019 | Y124: Qtr 2 | Z124: April | AA124: 3 | AB124: 0 | AC124: 750.75
A125: 0A4T021931 | B125: 2019 | C125: Qtr 2 | D125: April | E125: 25 | F125: CORRECTIVO | G125: 0.25 | H125: Entry Mono Printers | I125: 468 | J125: 715 | K125: 0 | L125: 0 | M125: 0 | N125: 0.6 | O125: 0.8 | P125: 1.05 | Q125: INTERIOR | R125: 5 | S125: 9 | T125: Ciudad principal | U125: A4 Mono MFPs | V125: XEROX MEXICANA SA DE CV / XEROX MEXICANA | W125: CHIHUAHUA | X125: 2019 | Y125: Qtr 2 | Z125: April | AA125: 30 | AB125: 84 | AC125: 35.75
A126: 0A4T037736 | B126: 2019 | C126: Qtr 2 | D126: April | E126: 17 | F126: CORRECTIVO | G126: 3.75 | I126: NA | J126: NA | K126: NA | L126: NA | M126: NA | N126: NA | O126: NA | P126: NA | R126: NA | S126: NA | U126: A4 Mono MFPs | V126: XEROX MEXICANA SA DE CV / XEROX MEXICANA | W126: JALISCO | X126: 2019 | Y126: Qtr 2 | Z126: April | AA126: 17 | AB126: 0 | AC126: 750.75
A127: 0A4T554111 | B127: 2019 | C127: Qtr 2 | D127: April | E127: 16 | F127: CORRECTIVO | G127: 1.283333 | H127: Entry Mono Printers | I127: 468 | J127: 715 | K127: 0 | L127: 0 | M127: 0 | N127: 0.6 | O127: 0.8 | P127: 1.05 | Q127: INTERIOR | R127: 5 | S127: 9 | T127: Ciudad principal | U127: A4 Mono MFPs | V127: XEROX MEXICANA SA DE CV / XEROX MEXICANA | W127: CHIHUAHUA | X127: 2019 | Y127: Qtr 2 | Z127: April | AA127: 16 | AB127: 62 | AC127: 35.75
A128: 0A4T554283 | B128: 2019 | C128: Qtr 2 | D128: April | E128: 3 | F128: MANTENIMIENTO PREVENTIVO | G128: 0 | H128: Entry Mono Printers | I128: 468 | J128: 715 | K128: 0 | L128: 0 | M128: 0 | N128: 0.6 | O128: 0.8 | P128: 1.05 | Q128: INTERIOR | R128: 5 | S128: 9 | T128: Ciudad principal | U128: A4 Mono MFPs | V128: XEROX MEXICANA SA DE CV / XEROX MEXICANA | W128: CHIHUAHUA | X128: 2019 | Y128: Qtr 2 | Z128: April | AA128: 4 | AB128: 9 | AC128: 715
A129: 0A4T554401 | B129: 2019 | C129: Qtr 2 | D129: April | E129: 3 | F129: CORRECTIVO | G129: 1.166667 | H129: Entry Mono Printers | I129: 468 | J129: 715 | K129: 0 | L129: 0 | M129: 0 | N129: 0.6 | O129: 0.8 | P129: 1.05 | Q129: INTERIOR | R129: 5 | S129: 9 | T129: Ciudad principal | U129: A4 Mono MFPs | V129: XEROX MEXICANA SA DE CV / XEROX MEXICANA | W129: CHIHUAHUA | X129: 2019 | Y129: Qtr 2 | Z129: April | AA129: 4 | AB129: 146 | AC129: 35.75
A130: 0A4T557615 | B130: 2019 | C130: Qtr 2 | D130: April | E130: 4 | F130: CORRECTIVO | G130: 1.066667 | H130: Entry Mono Printers | I130: 468 | J130: 715 | K130: 0 | L130: 0 | M130: 0 | N130: 0.6 | O130: 0.8 | P130: 1.05 | Q130: INTERIOR | R130: 5 | S130: 9 | T130: Ciudad principal | U130: A4 Mono MFPs | V130: XEROX MEXICANA SA DE CV / XEROX MEXICANA | W130: JALISCO | X130: 2019 | Y130: Qtr 2 | Z130: April | AA130: 9 | AB130: 0 | AC130: 35.75
A131: 0A4T557980 | B131: 2019 | C131: Qtr 2 | D131: April | E131: 26 | F131: CORRECTIVO | G131: 0.2833333 | H131: Entry Mono Printers | I131: 468 | J131: 715 | K131: 0 | L131: 0 | M131: 0 | N131: 0.6 | O131: 0.8 | P131: 1.05 | Q131: INTERIOR | R131: 5 | S131: 9 | T131: Ciudad principal | U131: A4 Mono MFPs | V131: XEROX MEXICANA SA DE CV / XEROX MEXICANA | W131: JALISCO | X131: 2019 | Y131: Qtr 2 | Z131: April | AA131: 29 | AB131: 179 | AC131: 35.75
A132: 0A4T558105 | B132: 2019 | C132: Qtr 2 | D132: April | E132: 3 | F132: CORRECTIVO | G132: 1.633333 | H132: Entry Mono Printers | I132: 468 | J132: 715 | K132: 0 | L132: 0 | M132: 0 | N132: 0.6 | O132: 0.8 | P132: 1.05 | Q132: INTERIOR | R132: 5 | S132: 9 | T132: Ciudad principal | U132: A4 Mono MFPs | V132: XEROX MEXICANA SA DE CV / XEROX MEXICANA | W132: GUANAJUATO | X132: 2019 | Y132: Qtr 2 | Z132: April | AA132: 5 | AB132: 363 | AC132: 561.05601
A133: 0A4T558109 | B133: 2019 | C133: Qtr 2 | D133: April | E133: 1 | F133: CORRECTIVO | G133: 1.666667 | H133: Entry Mono Printers | I133: 468 | J133: 715 | K133: 0 | L133: 0 | M133: 0 | N133: 0.6 | O133: 0.8 | P133: 1.05 | Q133: INTERIOR | R133: 5 | S133: 9 | T133: Ciudad principal | U133: A4 Mono MFPs | V133: XEROX MEXICANA SA DE CV / XEROX MEXICANA | W133: GUANAJUATO | X133: 2019 | Y133: Qtr 2 | Z133: April | AA133: 3 | AB133: 383 | AC133: 393.25011
A134: 0A4T558166 | B134: 2019 | C134: Qtr 2 | D134: April | E134: 10 | F134: CORRECTIVO | G134: 0.1666667 | H134: Entry Mono Printers | I134: 468 | J134: 715 | K134: 0 | L134: 0 | M134: 0 | N134: 0.6 | O134: 0.8 | P134: 1.05 | Q134: INTERIOR | R134: 5 | S134: 9 | T134: Ciudad principal | U134: A4 Mono MFPs | V134: XEROX MEXICANA SA DE CV / XEROX MEXICANA | W134: JALISCO | X134: 2019 | Y134: Qtr 2 | Z134: April | AA134: 11 | AB134: 0 | AC134: 35.75
A135: 0A4T558166 | B135: 2019 | C135: Qtr 2 | D135: April | E135: 17 | F135: CORRECTIVO | G135: 3.683333 | H135: Entry Mono Printers | I135: 468 | J135: 715 | K135: 0 | L135: 0 | M135: 0 | N135: 0.6 | O135: 0.8 | P135: 1.05 | Q135: INTERIOR | R135: 5 | S135: 9 | T135: Ciudad principal | U135: A4 Mono MFPs | V135: XEROX MEXICANA SA DE CV / XEROX MEXICANA | W135: JALISCO | X135: 2019 | Y135: Qtr 2 | Z135: April | AA135: 17 | AB135: 0 | AC135: 686.85292
A136: 0A4T558379 | B136: 2019 | C136: Qtr 2 | D136: April | E136: 4 | F136: CORRECTIVO | G136: 0.8166667 | H136: Entry Mono Printers | I136: 468 | J136: 715 | K136: 0 | L136: 0 | M136: 0 | N136: 0.6 | O136: 0.8 | P136: 1.05 | Q136: INTERIOR | R136: 5 | S136: 9 | T136: Ciudad principal | U136: A4 Mono MFPs | V136: XEROX MEXICANA SA DE CV / XEROX MEXICANA | W136: JALISCO | X136: 2019 | Y136: Qtr 2 | Z136: April | AA136: 9 | AB136: 0 | AC136: 35.75
A137: 0A4T558519 | B137: 2019 | C137: Qtr 2 | D137: April | E137: 26 | F137: CORRECTIVO | G137: 2.266667 | H137: Entry Mono Printers | I137: 468 | J137: 715 | K137: 0 | L137: 0 | M137: 0 | N137: 0.6 | O137: 0.8 | P137: 1.05 | Q137: INTERIOR | R137: 5 | S137: 9 | T137: Ciudad principal | U137: A4 Mono MFPs | V137: XEROX MEXICANA SA DE CV / XEROX MEXICANA | W137: JALISCO | X137: 2019 | Y137: Qtr 2 | Z137: April | AA137: 29 | AB137: 395 | AC137: 535.19859
A138: 0A4T558879 | B138: 2019 | C138: Qtr 2 | D138: April | E138: 16 | F138: CORRECTIVO | G138: 2.166667 | H138: Entry Mono Printers | I138: 468 | J138: 715 | K138: 0 | L138: 0 | M138: 0 | N138: 0.6 | O138: 0.8 | P138: 1.05 | Q138: INTERIOR | R138: 5 | S138: 9 | T138: Ciudad principal | U138: A4 Mono MFPs | V138: XEROX MEXICANA SA DE CV / XEROX MEXICANA | W138: JALISCO | X138: 2019 | Y138: Qtr 2 | Z138: April | AA138: 22 | AB138: 61 | AC138: 517.00006
... A143: 0AE7176589 | B143: 2019 | C143: Qtr 2 | D143: April | E143: 28 | F143: CORRECTIVO | G143: 0.5 | H143: Office Digital | I143: 655 | J143: 1365 | K143: 0 | L143: 0 | M143: 0.6 | N143: 0.8 | O143: 1.05 | P143: 1.1 | Q143: INTERIOR | R143: 5 | S143: 9 | T143: Ciudad principal | U143: Departmental Digital | V143: XEROX MEXICANA SA DE CV / XEROX MEXICANA | W143: MICHOACAN | X143: 2019 | Y143: Qtr 2 | Z143: April | AA143: 29 | AB143: 0 | AC143: 136.5
A144: 0AE9196959 | B144: 2019 | C144: Qtr 2 | D144: April | E144: 8 | F144: CORRECTIVO | G144: 0.4333333 | I144: NA | J144: NA | K144: NA | L144: NA | M144: NA | N144: NA | O144: NA | P144: NA | R144: NA | S144: NA | U144: Departmental Digital | V144: XEROX MEXICANA SA DE CV / XEROX MEXICANA | W144: COAHUILA | X144: 2019 | Y144: Qtr 2 | Z144: April | AA144: 11 | AB144: 0 | AC144: 1030.25
A145: 0AE9560627 | B145: 2019 | C145: Qtr 2 | D145: April | E145: 2 | F145: CORRECTIVO | G145: 2.483333 | H145: Office Digital | I145: 655 | J145: 1365 | K145: 0 | L145: 0 | M145: 0.6 | N145: 0.8 | O145: 1.05 | P145: 1.1 | Q145: INTERIOR | R145: 5 | S145: 9 | T145: Ciudad principal | U145: Departmental Digital | V145: XEROX MEXICANA SA DE CV / XEROX MEXICANA | W145: CHIHUAHUA | X145: 2019 | Y145: Qtr 2 | Z145: April | AA145: 2 | AB145: 253 | AC145: 1155.6694
A146: 0AE9566035 | B146: 2019 | C146: Qtr 2 | D146: April | E146: 23 | F146: CORRECTIVO | G146: 0 | H146: Office Digital | I146: 655 | J146: 1365 | K146: 0 | L146: 0 | M146: 0.6 | N146: 0.8 | O146: 1.05 | P146: 1.1 | Q146: INTERIOR | R146: 5 | S146: 9 | T146: Ciudad principal | U146: Departmental Digital | V146: XEROX MEXICANA SA DE CV / XEROX MEXICANA | W146: CHIHUAHUA | X146: 2019 | Y146: Qtr 2 | Z146: April | AA146: 24 | AB146: 0 | AC146: 1501.5
A147: 0AE9566556 | B147: 2019 | C147: Qtr 2 | D147: April | E147: 9 | F147: CORRECTIVO | G147: 2.066667 | H147: Office Digital | I147: 655 | J147: 1365 | K147: 0 | L147: 0 | M147: 0.6 | N147: 0.8 | O147: 1.05 | P147: 1.1 | Q147: INTERIOR | R147: 5 | S147: 9 | T147: Ciudad principal | U147: Departmental Digital | V147: XEROX MEXICANA SA DE CV / XEROX MEXICANA | W147: JALISCO | X147: 2019 | Y147: Qtr 2 | Z147: April | AA147: 11 | AB147: 0 | AC147: 1017.1453
A148: 0AGC431093 | B148: 2019 | C148: Qtr 2 | D148: April | E148: 5 | F148: CORRECTIVO | G148: 2.3 | H148: WF Mono Systems and Legacy Color | I148: 803 | J148: 1573 | K148: 0.2 | L148: 0.6 | M148: 0.8 | N148: 1.05 | O148: 1.1 | P148: 1.15 | Q148: INTERIOR | R148: 4 | S148: 6 | T148: Ciudad principal | U148: WF Mono Systems and Legacy Color | V148: XEROX MEXICANA SA DE CV / XEROX MEXICANA | W148: TAMAULIPAS | X148: 2019 | Y148: Qtr 2 | Z148: April | AA148: 17 | AB148: 0 | AC148: 1518.287
A149: 0AGD460903 | B149: 2019 | C149: Qtr 2 | D149: April | E149: 24 | F149: CORRECTIVO | G149: 2.233333 | I149: NA | J149: NA | K149: NA | L149: NA | M149: NA | N149: NA | O149: NA | P149: NA | R149: NA | S149: NA | U149: WF Mono Systems and Legacy Color | V149: XEROX MEXICANA SA DE CV / XEROX MEXICANA | W149: ESTADO DE MEXICO | X149: 2019 | Y149: Qtr 2 | Z149: April | AA149: 24 | AB149: 0 | AC149: 235.95
A150: 0AGD461521 | B150: 2019 | C150: Qtr 2 | D150: April | E150: 15 | F150: CORRECTIVO | G150: 1.733333 | H150: WF Mono Systems and Legacy Color | I150: 803 | J150: 1573 | K150: 0.2 | L150: 0.6 | M150: 0.8 | N150: 1.05 | O150: 1.1 | P150: 1.15 | Q150: INTERIOR | R150: 4 | S150: 6 | T150: Ciudad principal | U150: WF Mono Systems and Legacy Color | V150: XEROX MEXICANA SA DE CV / XEROX MEXICANA | W150: DURANGO | X150: 2019 | Y150: Qtr 2 | Z150: April | AA150: 15 | AB150: 35 | AC150: 1216.0498
A151: 0AGD461524 | B151: 2019 | C151: Qtr 1 | D151: March | E151: 5 | F151: CORRECTIVO | G151: 2.866667 | I151: NA | J151: NA | K151: NA | L151: NA | M151: NA | N151: NA | O151: NA | P151: NA | R151: NA | S151: NA | U151: A4 Color Laser MFPs | V151: XEROX MEXICANA SA DE CV / XEROX MEXICANA | W151: NUEVO LEON | X151: 2019 | Y151: Qtr 2 | Z151: April | AA151: 22 | AB151: 0 | AC151: 750.75
A152: 0AGD461848 | B152: 2019 | C152: Qtr 2 | D152: April | E152: 22 | F152: CORRECTIVO | G152: 1.683333 | H152: WF Mono Systems and Legacy Color | I152: 803 | J152: 1573 | K152: 0.2 | L152: 0.6 | M152: 0.8 | N152: 1.05 | O152: 1.1 | P152: 1.15 | Q152: INTERIOR | R152: 4 | S152: 6 | T152: Ciudad principal | U152: WF Mono Systems and Legacy Color | V152: XEROX MEXICANA SA DE CV / XEROX MEXICANA | W152: JALISCO | X152: 2019 | Y152: Qtr 2 | Z152: April | AA152: 22 | AB152: 2764800 | AC152: 1267.7444
A153: 0AGD461919 | B153: 2019 | C153: Qtr 2 | D153: April | E153: 23 | F153: CORRECTIVO | G153: 0.7166666 | H153: WF Mono Systems and Legacy Color | I153: 803 | J153: 1573 | K153: 0.2 | L153: 0.6 | M153: 0.8 | N153: 1.05 | O153: 1.1 | P153: 1.15 | Q153: INTERIOR | R153: 4 | S153: 6 | T153: Ciudad principal | U153: WF Mono Systems and Legacy Color | V153: XEROX MEXICANA SA DE CV / XEROX MEXICANA | W153: JALISCO | X153: 2019 | Y153: Qtr 2 | Z153: April | AA153: 23 | AB153: 48 | AC153: 157.3
A154: 0AGE474522 | B154: 2019 | C154: Qtr 2 | D154: April | E154: 4 | F154: MANTENIMIENTO PREVENTIVO | G154: 0 | H154: WF Mono Systems and Legacy Color | I154: 803 | J154: 1573 | K154: 0.2 | L154: 0.6 | M154: 0.8 | N154: 1.05 | O154: 1.1 | P154: 1.15 | Q154: INTERIOR | R154: 4 | S154: 6 | T154: Ciudad principal | U154: WF Mono Systems and Legacy Color | V154: XEROX MEXICANA SA DE CV / XEROX MEXICANA | W154: TAMAULIPAS | X154: 2019 | Y154: Qtr 2 | Z154: April | AA154: 4 | AB154: 8 | AC154: 1573
A155: 0AGE474522 | B155: 2019 | C155: Qtr 2 | D155: April | E155: 15 | F155: MANTENIMIENTO PREVENTIVO | G155: 0 | H155: WF Mono Systems and Legacy Color | I155: 803 | J155: 1573 | K155: 0.2 | L155: 0.6 | M155: 0.8 | N155: 1.05 | O155: 1.1 | P155: 1.15 | Q155: INTERIOR | R155: 4 | S155: 6 | T155: Ciudad principal | U155: WF Mono Systems and Legacy Color | V155: XEROX MEXICANA SA DE CV / XEROX MEXICANA | W155: TAMAULIPAS | X155: 2019 | Y155: Qtr 2 | Z155: April | AA155: 15 | AB155: 11 | AC155: 1573
A156: 0AGE474522 | B156: 2019 | C156: Qtr 2 | D156: April | E156: 24 | F156: MANTENIMIENTO PREVENTIVO | G156: 0 | H156: WF Mono Systems and Legacy Color | I156: 803 | J156: 1573 | K156: 0.2 | L156: 0.6 | M156: 0.8 | N156: 1.05 | O156: 1.1 | P156: 1.15 | Q156: INTERIOR | R156: 4 | S156: 6 | T156: Ciudad principal | U156: WF Mono Systems and Legacy Color | V156: XEROX MEXICANA SA DE CV / XEROX MEXICANA | W156: TAMAULIPAS | X156: 2019 | Y156: Qtr 2 | Z156: April | AA156: 24 | AB156: 9 | AC156: 1573
A157: 0B2E530304 | B157: 2019 | C157: Qtr 2 | D157: April | E157: 22 | F157: CORRECTIVO | G157: 0.01666667 | H157: Entry Production Color Mid | I157: 803 | J157: 1573 | K157: 0.2 | L157: 0.6 | M157: 0.8 | N157: 1.05 | O157: 1.1 | P157: 1.15 | Q157: INTERIOR | R157: 4 | S157: 6 | T157: Ciudad principal | U157: High End Cut Sheet | V157: XEROX MEXICANA SA DE CV / XEROX MEXICANA | W157: NUEVO LEON | X157: 2019 | Y157: Qtr 2 | Z157: April | AA157: 23 | AB157: 31 | AC157: 157.3
A158: 0B2R090061 | B158: 2019 | C158: Qtr 2 | D158: April | E158: 8 | F158: CORRECTIVO | G158: 3.55 | H158: Entry Production Color Low/Mid | I158: 803 | J158: 1573 | K158: 0.2 | L158: 0.6 | M158: 0.8 | N158: 1.05 | O158: 1.1 | P158: 1.15 | Q158: INTERIOR | R158: 4 | S158: 6 | T158: Ciudad principal | U158: High End Cut Sheet | V158: XEROX MEXICANA SA DE CV / XEROX MEXICANA | W158: NUEVO LEON | X158: 2019 | Y158: Qtr 2 | Z158: April | AA158: 8 | AB158: 27 | AC158: 1601.8014
A159: 0B2R090061 | B159: 2019 | C159: Qtr 2 | D159: April | E159: 17 | F159: CORRECTIVO | G159: 1.233333 | H159: Entry Production Color Low/Mid | I159: 803 | J159: 1573 | K159: 0.2 | L159: 0.6 | M159: 0.8 | N159: 1.05 | O159: 1.1 | P159: 1.15 | Q159: INTERIOR | R159: 4 | S159: 6 | T159: Ciudad principal | U159: High End Cut Sheet | V159: XEROX MEXICANA SA DE CV / XEROX MEXICANA | W159: NUEVO LEON | X159: 2019 | Y159: Qtr 2 | Z159: April | AA159: 17 | AB159: 9 | AC159: -314.6
A160: 0B2R091016 | B160: 2019 | C160: Qtr 2 | D160: April | E160: 2 | F160: CORRECTIVO | G160: 0.6166667 | H160: Entry Production Color Low/Mid | I160: 803 | J160: 1573 | K160: 0.2 | L160: 0.6 | M160: 0.8 | N160: 1.05 | O160: 1.1 | P160: 1.15 | Q160: INTERIOR | R160: 4 | S160: 6 | T160: Ciudad principal | U160: High End Cut Sheet | V160: XEROX MEXICANA SA DE CV / XEROX MEXICANA | W160: NUEVO LEON | X160: 2019 | Y160: Qtr 2 | Z160: April | AA160: 3 | AB160: 9676800 | AC160: 235.95
A161: 0B2R091016 | B161: 2019 | C161: Qtr 2 | D161: April | E161: 24 | F161: CORRECTIVO | G161: 3.7 | H161: Entry Production Color Low/Mid | I161: 803 | J161: 1573 | K161: 0.2 | L161: 0.6 | M161: 0.8 | N161: 1.05 | O161: 1.1 | P161: 1.15 | Q161: INTERIOR | R161: 4 | S161: 6 | T161: Ciudad principal | U161: High End Cut Sheet | V161: XEROX MEXICANA SA DE CV / XEROX MEXICANA | W161: NUEVO LEON | X161: 2019 | Y161: Qtr 2 | Z161: April | AA161: 24 | AB161: 1900800 | AC161: 1777.0649
A162: 0BB1250884 | B162: 2019 | C162: Qtr 2 | D162: April | E162: 2 | F162: CORRECTIVO | G162: 0.5166667 | H162: A4 Mono MFPs | I162: 468 | J162: 715 | K162: 0 | L162: 0 | M162: 0 | N162: 0.6 | O162: 0.8 | P162: 1.05 | Q162: INTERIOR | R162: 5 | S162: 9 | T162: Otras | U162: A4 Mono MFPs | V162: XEROX MEXICANA SA DE CV / XEROX MEXICANA | W162: MICHOACAN | X162: 2019 | Y162: Qtr 2 | Z162: April | AA162: 9 | AB162: 370 | AC162: 35.75
A163: 0BB1252025 | B163: 2019 | C163: Qtr 2 | D163: April | E163: 11 | F163: CORRECTIVO | G163: 2.5 | H163: A4 Mono MFPs | I163: 468 | J163: 715 | K163: 0 | L163: 0 | M163: 0 | N163: 0.6 | O163: 0.8 | P163: 1.05 | Q163: INTERIOR | R163: 5 | S163: 9 | T163: Ciudad principal | U163: A4 Mono MFPs | V163: XEROX MEXICANA SA DE CV / XEROX MEXICANA | W163: CHIHUAHUA | X163: 2019 | Y163: Qtr 2 | Z163: April | AA163: 11 | AB163: 0 | AC163: 572
... A310: 0BG2956972 | B310: 2019 | C310: Qtr 2 | D310: April | E310: 25 | F310: CORRECTIVO | G310: 1.116667 | H310: Light Production Digital Business | I310: 803 | J310: 1573 | K310: 0.2 | L310: 0.6 | M310: 0.8 | N310: 1.05 | O310: 1.1 | P310: 1.15 | Q310: INTERIOR | R310: 4 | S310: 6 | T310: Ciudad principal | U310: High End Cut Sheet | V310: XEROX MEXICANA SA DE CV / XEROX MEXICANA | W310: GUANAJUATO | X310: 2019 | Y310: Qtr 2 | Z310: April | AA310: 25 | AB310: 5097600 | AC310: 235.95
A311: 0BPB110617 | B311: 2019 | C311: Qtr 1 | D311: March | E311: 13 | F311: CORRECTIVO | G311: 2.216667 | I311: NA | J311: NA | K311: NA | L311: NA | M311: NA | N311: NA | O311: NA | P311: NA | R311: NA | S311: NA | U311: High End Cut Sheet | V311: XEROX MEXICANA SA DE CV / XEROX MEXICANA | W311: JALISCO | X311: 2019 | Y311: Qtr 2 | Z311: April | AA311: 1 | AB311: 13 | AC311: 107.25
A312: 0BPB110617 | B312: 2019 | C312: Qtr 2 | D312: April | E312: 9 | F312: CORRECTIVO | G312: 1.816667 | I312: NA | J312: NA | K312: NA | L312: NA | M312: NA | N312: NA | O312: NA | P312: NA | R312: NA | S312: NA | U312: High End Cut Sheet | V312: XEROX MEXICANA SA DE CV / XEROX MEXICANA | W312: JALISCO | X312: 2019 | Y312: Qtr 2 | Z312: April | AA312: 9 | AB312: 27 | AC312: 214.5
A313: 0BPB110653 | B313: 2019 | C313: Qtr 1 | D313: March | E313: 13 | F313: CORRECTIVO | G313: 4.233333 | I313: NA | J313: NA | K313: NA | L313: NA | M313: NA | N313: NA | O313: NA | P313: NA | R313: NA | S313: NA | U313: High End Cut Sheet | V313: XEROX MEXICANA SA DE CV / XEROX MEXICANA | W313: JALISCO | X313: 2019 | Y313: Qtr 2 | Z313: April | AA313: 3 | AB313: 35 | AC313: 321.75
A314: 0BPB110653 | B314: 2019 | C314: Qtr 2 | D314: April | E314: 23 | F314: CORRECTIVO | G314: 3.683333 | I314: NA | J314: NA | K314: NA | L314: NA | M314: NA | N314: NA | O314: NA | P314: NA | R314: NA | S314: NA | U314: High End Cut Sheet | V314: XEROX MEXICANA SA DE CV / XEROX MEXICANA | W314: JALISCO | X314: 2019 | Y314: Qtr 2 | Z314: April | AA314: 24 | AB314: 41 | AC314: 321.75
A315: 0C4X002927 | B315: 2019 | C315: Qtr 2 | D315: April | E315: 4 | F315: CORRECTIVO | G315: 0 | H315: A4 Mono MFPs | I315: 468 | J315: 715 | K315: 0 | L315: 0 | M315: 0 | N315: 0.6 | O315: 0.8 | P315: 1.05 | Q315: INTERIOR | R315: 5 | S315: 9 | T315: Ciudad principal | U315: A4 Mono MFPs | V315: XEROX MEXICANA SA DE CV / XEROX MEXICANA | W315: CHIHUAHUA | X315: 2019 | Y315: Qtr 2 | Z315: April | AA315: 4 | AB315: 352 | AC315: 750.75
A316: 0C4X002927 | B316: 2019 | C316: Qtr 2 | D316: April | E316: 12 | F316: CORRECTIVO | G316: 0.9833333 | H316: A4 Mono MFPs | I316: 468 | J316: 715 | K316: 0 | L316: 0 | M316: 0 | N316: 0.6 | O316: 0.8 | P316: 1.05 | Q316: INTERIOR | R316: 5 | S316: 9 | T316: Ciudad principal | U316: A4 Mono MFPs | V316: XEROX MEXICANA SA DE CV / XEROX MEXICANA | W316: CHIHUAHUA | X316: 2019 | Y316: Qtr 2 | Z316: April | AA316: 12 | AB316: 8 | AC316: -715
A317: 0C4X003017 | B317: 2019 | C317: Qtr 2 | D317: April | E317: 10 | F317: CORRECTIVO | G317: 1.75 | H317: A4 Mono MFPs | I317: 468 | J317: 715 | K317: 0 | L317: 0 | M317: 0 | N317: 0.6 | O317: 0.8 | P317: 1.05 | Q317: INTERIOR | R317: 5 | S317: 9 | T317: Otras | U317: A4 Mono MFPs | V317: XEROX MEXICANA SA DE CV / XEROX MEXICANA | W317: CHIHUAHUA | X317: 2019 | Y317: Qtr 2 | Z317: April | AA317: 10 | AB317: 0 | AC317: 35.75
A318: 0C4X003106 | B318: 2019 | C318: Qtr 2 | D318: April | E318: 16 | F318: CORRECTIVO | G318: 0 | H318: A4 Mono MFPs | I318: 468 | J318: 715 | K318: 0 | L318: 0 | M318: 0 | N318: 0.6 | O318: 0.8 | P318: 1.05 | Q318: INTERIOR | R318: 5 | S318: 9 | T318: Ciudad principal | U318: A4 Mono MFPs | V318: XEROX MEXICANA SA DE CV / XEROX MEXICANA | W318: CHIHUAHUA | X318: 2019 | Y318: Qtr 2 | Z318: April | AA318: 16 | AB318: 0 | AC318: 750.75
A319: 0C4X003297 | B319: 2019 | C319: Qtr 2 | D319: April | E319: 10 | F319: CORRECTIVO | G319: 0 | H319: A4 Mono MFPs | I319: 468 | J319: 715 | K319: 0 | L319: 0 | M319: 0 | N319: 0.6 | O319: 0.8 | P319: 1.05 | Q319: INTERIOR | R319: 5 | S319: 9 | T319: Ciudad principal | U319: A4 Mono MFPs | V319: XEROX MEXICANA SA DE CV / XEROX MEXICANA | W319: CHIHUAHUA | X319: 2019 | Y319: Qtr 2 | Z319: April | AA319: 10 | AB319: 26 | AC319: 429
A320: 0C4X003927 | B320: 2019 | C320: Qtr 2 | D320: April | E320: 12 | F320: CORRECTIVO | G320: 0.6666667 | H320: A4 Mono MFPs | I320: 468 | J320: 715 | K320: 0 | L320: 0 | M320: 0 | N320: 0.6 | O320: 0.8 | P320: 1.05 | Q320: INTERIOR | R320: 5 | S320: 9 | T320: Ciudad principal | U320: A4 Mono MFPs | V320: XEROX MEXICANA SA DE CV / XEROX MEXICANA | W320: CHIHUAHUA | X320: 2019 | Y320: Qtr 2 | Z320: April | AA320: 12 | AB320: 71 | AC320: 35.75
A321: 0C4X003945 | B321: 2019 | C321: Qtr 2 | D321: April | E321: 8 | F321: CORRECTIVO | G321: 1.5 | H321: A4 Mono MFPs | I321: 468 | J321: 715 | K321: 0 | L321: 0 | M321: 0 | N321: 0.6 | O321: 0.8 | P321: 1.05 | Q321: INTERIOR | R321: 5 | S321: 9 | T321: Ciudad principal | U321: A4 Mono MFPs | V321: XEROX MEXICANA SA DE CV / XEROX MEXICANA | W321: CHIHUAHUA | X321: 2019 | Y321: Qtr 2 | Z321: April | AA321: 9 | AB321: 0 | AC321: 35.75
A322: 0C4X006153 | B322: 2019 | C322: Qtr 2 | D322: April | E322: 9 | F322: CORRECTIVO | G322: 0 | H322: A4 Mono MFPs | I322: 468 | J322: 715 | K322: 0 | L322: 0 | M322: 0 | N322: 0.6 | O322: 0.8 | P322: 1.05 | Q322: INTERIOR | R322: 5 | S322: 9 | T322: Ciudad principal | U322: A4 Mono MFPs | V322: XEROX MEXICANA SA DE CV / XEROX MEXICANA | W322: CHIHUAHUA | X322: 2019 | Y322: Qtr 2 | Z322: April | AA322: 12 | AB322: 239 | AC322: 750.75
A323: 0C4X006407 | B323: 2019 | C323: Qtr 2 | D323: April | E323: 8 | F323: CORRECTIVO | G323: 1.633333 | H323: A4 Mono MFPs | I323: 468 | J323: 715 | K323: 0 | L323: 0 | M323: 0 | N323: 0.6 | O323: 0.8 | P323: 1.05 | Q323: INTERIOR | R323: 5 | S323: 9 | T323: Ciudad principal | U323: A4 Mono MFPs | V323: XEROX MEXICANA SA DE CV / XEROX MEXICANA | W323: CHIHUAHUA | X323: 2019 | Y323: Qtr 2 | Z323: April | AA323: 11 | AB323: 0 | AC323: 561.05601
A324: 0C4X006409 | B324: 2019 | C324: Qtr 2 | D324: April | E324: 22 | F324: CORRECTIVO | G324: 1.383333 | H324: A4 Mono MFPs | I324: 468 | J324: 715 | K324: 0 | L324: 0 | M324: 0 | N324: 0.6 | O324: 0.8 | P324: 1.05 | Q324: INTERIOR | R324: 5 | S324: 9 | T324: Ciudad principal | U324: A4 Mono MFPs | V324: XEROX MEXICANA SA DE CV / XEROX MEXICANA | W324: CHIHUAHUA | X324: 2019 | Y324: Qtr 2 | Z324: April | AA324: 24 | AB324: 80 | AC324: 35.75
A325: 0C4X008011 | B325: 2019 | C325: Qtr 2 | D325: April | E325: 11 | F325: CORRECTIVO | G325: 1.816667 | H325: A4 Mono MFPs | I325: 468 | J325: 715 | K325: 0 | L325: 0 | M325: 0 | N325: 0.6 | O325: 0.8 | P325: 1.05 | Q325: INTERIOR | R325: 5 | S325: 9 | T325: Ciudad principal | U325: A4 Mono MFPs | V325: XEROX MEXICANA SA DE CV / XEROX MEXICANA | W325: MICHOACAN | X325: 2019 | Y325: Qtr 2 | Z325: April | AA325: 22 | AB325: 0 | AC325: 437.52761
A326: 0C4X008113 | B326: 2019 | C326: Qtr 2 | D326: April | E326: 2 | F326: CORRECTIVO | G326: 2.483333 | H326: A4 Mono MFPs | I326: 468 | J326: 715 | K326: 0 | L326: 0 | M326: 0 | N326: 0.6 | O326: 0.8 | P326: 1.05 | Q326: INTERIOR | R326: 5 | S326: 9 | T326: Ciudad principal | U326: A4 Mono MFPs | V326: XEROX MEXICANA SA DE CV / XEROX MEXICANA | W326: JALISCO | X326: 2019 | Y326: Qtr 2 | Z326: April | AA326: 2 | AB326: 0 | AC326: 569.60062
...

Sheet Hoja2
A1: N° de serie | B1: Year | C1: Quarter | D1: Month | E1: Day | F1: Categoría | G1: T. respuesta | H1: Business Team | I1: Pago Base CDMX y área metropolitana | J1: Pago Base Interior | K1: menos de 3 días | L1: entre 3 y 6 días | M1: entre 7 y 15 días | N1: entre 16 y 30 días | O1: entre 31 y 59 días | P1: 60 días o más | Q1: REGION | R1: TR Ciudades principales | S1: TR Otras ciudades | T1: Loc TR | U1: familia matriz global | V1: Cliente | W1: Ruta | X1: Year.1 | Y1: Quarter.1 | Z1: Month.1 | AA1: Day.1 | AB1: time | AC1: viabilidad | AD1: veces_obj | AE1: pagofinal | AF1: pago MIF | AG1: dias MIF | AH1: Fiabilidad MIF | AI1: vece obj MIF | AJ1: familia MIF | AK1: pagos iguales | AL1: dias iguales | AM1: fiabilidad igual | AN1: veces obj iguales | AO1: familias iguales
A2: 9HB334888 | B2: 2019 | C2: Qtr 1 | D2: March | E2: 4 | F2: INSTALACION NUEVA | G2: 0 | I2: NA | J2: NA | K2: NA | L2: NA | M2: NA | N2: NA | O2: NA | P2: NA | R2: NA | S2: NA | U2: A4 Mono MFPs | V2: XEROX MEXICANA SA DE CV / XEROX MEXICANA | W2: ESTADO DE MEXICO | X2: 2019 | Y2: Qtr 2 | Z2: April | AA2: 4 | AB2: 0 | AC2: 1.1 | AD2: 0 | AE2: 715 | AF2: =VLOOKUP(A2,[1]DETALLE!$A$1:$AK$841,37,FALSE) -> 1501.5 | AG2: =VLOOKUP(A2,[1]DETALLE!$A$1:$AK$841,16,FALSE) -> 88 | AH2: =VLOOKUP(A2,[1]DETALLE!$A$1:$AK$841,22,FALSE) -> 1.1 | AI2: =VLOOKUP(A2,[1]DETALLE!$A$1:$AK$841,27,FALSE) -> 0.22 | AJ2: =VLOOKUP(A2,[1]DETALLE!$A$1:$AK$841,18,FALSE) -> Departmental Digital | AK2: =IF(AE2=AF2,1,0) -> 0 | AL2: =IF(AB2=AG2,1,0) -> 0 | AM2: =IF(AC2=AH2,1,0) -> 1 | AN2: =IF(AD2=AI2,1,0) -> 0 | AO2: =IF(H2=AJ2,1,0) -> 0
A3: 0AGD461524 | B3: 2019 | C3: Qtr 1 | D3: March | E3: 5 | F3: CORRECTIVO | G3: 2.866667 | I3: NA | J3: NA | K3: NA | L3: NA | M3: NA | N3: NA | O3: NA | P3: NA | R3: NA | S3: NA | U3: A4 Color Laser MFPs | V3: XEROX MEXICANA SA DE CV / XEROX MEXICANA | W3: NUEVO LEON | X3: 2019 | Y3: Qtr 2 | Z3: April | AA3: 22 | AB3: 12 | AC3: 1.1 | AD3: 0 | AE3: 0 | AF3: =VLOOKUP(A3,[1]DETALLE!$A$1:$AK$841,37,FALSE) -> 1092 | AG3: =VLOOKUP(A3,[1]DETALLE!$A$1:$AK$841,16,FALSE) -> 17 | AH3: =VLOOKUP(A3,[1]DETALLE!$A$1:$AK$841,22,FALSE) -> 0.8 | AI3: =VLOOKUP(A3,[1]DETALLE!$A$1:$AK$841,27,FALSE) -> 0.196 | AJ3: =VLOOKUP(A3,[1]DETALLE!$A$1:$AK$841,18,FALSE) -> A3 Office Color Laser MFPs | AK3: =IF(AE3=AF3,1,0) -> 0 | AL3: =IF(AB3=AG3,1,0) -> 0 | AM3: =IF(AC3=AH3,1,0) -> 0 | AN3: =IF(AD3=AI3,1,0) -> 0 | AO3: =IF(H3=AJ3,1,0) -> 0
A4: 0BG2951668 | B4: 2019 | C4: Qtr 1 | D4: March | E4: 11 | F4: MANTENIMIENTO PREVENTIVO | G4: 0 | H4: Light Production Digital Business | I4: 803 | J4: 1573 | K4: 0.2 | L4: 0.6 | M4: 0.8 | N4: 1.05 | O4: 1.1 | P4: 1.15 | Q4: INTERIOR | R4: 4 | S4: 6 | T4: Ciudad principal | U4: High End Cut Sheet | V4: XEROX MEXICANA SA DE CV / XEROX MEXICANA | W4: NUEVO LEON | X4: 2019 | Y4: Qtr 2 | Z4: April | AA4: 11 | AB4: 14 | AC4: 0 | AD4: 0 | AE4: 1573 | AF4: =VLOOKUP(A4,[1]DETALLE!$A$1:$AK$841,37,FALSE) -> 1651.65 | AG4: =VLOOKUP(A4,[1]DETALLE!$A$1:$AK$841,16,FALSE) -> 18 | AH4: =VLOOKUP(A4,[1]DETALLE!$A$1:$AK$841,22,FALSE) -> 1.05 | AI4: =VLOOKUP(A4,[1]DETALLE!$A$1:$AK$841,27,FALSE) -> 0.555 | AJ4: =VLOOKUP(A4,[1]DETALLE!$A$1:$AK$841,18,FALSE) -> WF Mono Systems and Legacy Color | AK4: =IF(AE4=AF4,1,0) -> 0 | AL4: =IF(AB4=AG4,1,0) -> 0 | AM4: =IF(AC4=AH4,1,0) -> 0 | AN4: =IF(AD4=AI4,1,0) -> 0 | AO4: =IF(H4=AJ4,1,0) -> 0
A5: 0BPB110617 | B5: 2019 | C5: Qtr 1 | D5: March | E5: 13 | F5: CORRECTIVO | G5: 2.216667 | I5: NA | J5: NA | K5: NA | L5: NA | M5: NA | N5: NA | O5: NA | P5: NA | R5: NA | S5: NA | U5: High End Cut Sheet | V5: XEROX MEXICANA SA DE CV / XEROX MEXICANA | W5: JALISCO | X5: 2019 | Y5: Qtr 2 | Z5: April | AA5: 1 | AB5: 13 | AC5: 1.1 | AD5: 0 | AE5: 107.25 | AF5: =VLOOKUP(A5,[1]DETALLE!$A$1:$AK$841,37,FALSE) -> 750.75 | AG5: =VLOOKUP(A5,[1]DETALLE!$A$1:$AK$841,16,FALSE) -> 294 | AH5: =VLOOKUP(A5,[1]DETALLE!$A$1:$AK$841,22,FALSE) -> 1.05 | AI5: =VLOOKUP(A5,[1]DETALLE!$A$1:$AK$841,27,FALSE) -> 0 | AJ5: =VLOOKUP(A5,[1]DETALLE!$A$1:$AK$841,18,FALSE) -> Entry Mono Printers | AK5: =IF(AE5=AF5,1,0) -> 0 | AL5: =IF(AB5=AG5,1,0) -> 0 | AM5: =IF(AC5=AH5,1,0) -> 0 | AN5: =IF(AD5=AI5,1,0) -> 1 | AO5: =IF(H5=AJ5,1,0) -> 0
A6: 0BPB110653 | B6: 2019 | C6: Qtr 1 | D6: March | E6: 13 | F6: CORRECTIVO | G6: 4.233333 | I6: NA | J6: NA | K6: NA | L6: NA | M6: NA | N6: NA | O6: NA | P6: NA | R6: NA | S6: NA | U6: High End Cut Sheet | V6: XEROX MEXICANA SA DE CV / XEROX MEXICANA | W6: JALISCO | X6: 2019 | Y6: Qtr 2 | Z6: April | AA6: 3 | AB6: 35 | AC6: 1.1 | AD6: 0 | AE6: 321.75 | AF6: =VLOOKUP(A6,[1]DETALLE!$A$1:$AK$841,37,FALSE) -> 1730.3 | AG6: =VLOOKUP(A6,[1]DETALLE!$A$1:$AK$841,16,FALSE) -> 50 | AH6: =VLOOKUP(A6,[1]DETALLE!$A$1:$AK$841,22,FALSE) -> 1.1 | AI6: =VLOOKUP(A6,[1]DETALLE!$A$1:$AK$841,27,FALSE) -> 0.505 | AJ6: =VLOOKUP(A6,[1]DETALLE!$A$1:$AK$841,18,FALSE) -> Entry Production Color Low/Mid | AK6: =IF(AE6=AF6,1,0) -> 0 | AL6: =IF(AB6=AG6,1,0) -> 0 | AM6: =IF(AC6=AH6,1,0) -> 1 | AN6: =IF(AD6=AI6,1,0) -> 0 | AO6: =IF(H6=AJ6,1,0) -> 0
A7: 0VGW686533 | B7: 2019 | C7: Qtr 1 | D7: March | E7: 15 | F7: CORRECTIVO | G7: 0.25 | H7: A3 Professional Color Laser MFPs | I7: 655 | J7: 1365 | K7: 0 | L7: 0 | M7: 0.6 | N7: 0.8 | O7: 1.05 | P7: 1.1 | Q7: INTERIOR | R7: 5 | S7: 9 | T7: Ciudad principal | U7: Entry Production Color Low/Mid | V7: XEROX MEXICANA SA DE CV / XEROX MEXICANA | W7: CHIHUAHUA | X7: 2019 | Y7: Qtr 2 | Z7: April | AA7: 9 | AB7: 29 | AC7: 0.8 | AD7: 0.05 | AE7: 1092 | AF7: =VLOOKUP(A7,[1]DETALLE!$A$1:$AK$841,37,FALSE) -> 452.2375 | AG7: =VLOOKUP(A7,[1]DETALLE!$A$1:$AK$841,16,FALSE) -> 5 | AH7: =VLOOKUP(A7,[1]DETALLE!$A$1:$AK$841,22,FALSE) -> 0.6 | AI7: =VLOOKUP(A7,[1]DETALLE!$A$1:$AK$841,27,FALSE) -> 2.25 | AJ7: =VLOOKUP(A7,[1]DETALLE!$A$1:$AK$841,18,FALSE) -> Light Production Digital Business | AK7: =IF(AE7=AF7,1,0) -> 0 | AL7: =IF(AB7=AG7,1,0) -> 0 | AM7: =IF(AC7=AH7,1,0) -> 0 | AN7: =IF(AD7=AI7,1,0) -> 0 | AO7: =IF(H7=AJ7,1,0) -> 0
A8: 0BG0971716 | B8: 2019 | C8: Qtr 1 | D8: March | E8: 20 | F8: CORRECTIVO | G8: 1.183333 | H8: Light Production Digital Business | I8: 803 | J8: 1573 | K8: 0.2 | L8: 0.6 | M8: 0.8 | N8: 1.05 | O8: 1.1 | P8: 1.15 | Q8: INTERIOR | R8: 4 | S8: 6 | T8: Ciudad principal | U8: High End Cut Sheet | V8: XEROX MEXICANA SA DE CV / XEROX MEXICANA | W8: NUEVO LEON | X8: 2019 | Y8: Qtr 2 | Z8: April | AA8: 3 | AB8: 49 | AC8: 1.1 | AD8: 0.29583325 | AE8: 1730.3 | AF8: =VLOOKUP(A8,[1]DETALLE!$A$1:$AK$841,37,FALSE) -> 1730.3 | AG8: =VLOOKUP(A8,[1]DETALLE!$A$1:$AK$841,16,FALSE) -> 37 | AH8: =VLOOKUP(A8,[1]DETALLE!$A$1:$AK$841,22,FALSE) -> 1.1 | AI8: =VLOOKUP(A8,[1]DETALLE!$A$1:$AK$841,27,FALSE) -> 0.5925 | AJ8: =VLOOKUP(A8,[1]DETALLE!$A$1:$AK$841,18,FALSE) -> Light Production Digital Business | AK8: =IF(AE8=AF8,1,0) -> 1 | AL8: =IF(AB8=AG8,1,0) -> 0 | AM8: =IF(AC8=AH8,1,0) -> 1 | AN8: =IF(AD8=AI8,1,0) -> 0 | AO8: =IF(H8=AJ8,1,0) -> 1
A9: 0EX9310036 | B9: 2019 | C9: Qtr 1 | D9: March | E9: 21 | F9: CORRECTIVO | G9: 1.666667 | H9: Departmental Digital | I9: 655 | J9: 1365 | K9: 0 | L9: 0 | M9: 0.6 | N9: 0.8 | O9: 1.05 | P9: 1.1 | Q9: INTERIOR | R9: 5 | S9: 9 | T9: Ciudad principal | U9: Departmental Digital | V9: XEROX MEXICANA SA DE CV / XEROX MEXICANA | W9: TAMAULIPAS | X9: 2019 | Y9: Qtr 2 | Z9: April | AA9: 5 | AB9: 48 | AC9: 1.05 | AD9: 0.3333334 | AE9: 1433.25 | AF9: =VLOOKUP(A9,[1]DETALLE!$A$1:$AK$841,37,FALSE) -> 1258.4 | AG9: =VLOOKUP(A9,[1]DETALLE!$A$1:$AK$841,16,FALSE) -> 14 | AH9: =VLOOKUP(A9,[1]DETALLE!$A$1:$AK$841,22,FALSE) -> 0.8 | AI9: =VLOOKUP(A9,[1]DETALLE!$A$1:$AK$841,27,FALSE) -> 0 | AJ9: =VLOOKUP(A9,[1]DETALLE!$A$1:$AK$841,18,FALSE) -> Entry Production Color Low/Mid | AK9: =IF(AE9=AF9,1,0) -> 0 | AL9: =IF(AB9=AG9,1,0) -> 0 | AM9: =IF(AC9=AH9,1,0) -> 0 | AN9: =IF(AD9=AI9,1,0) -> 0 | AO9: =IF(H9=AJ9,1,0) -> 0
A10: 0RXD138712 | B10: 2019 | C10: Qtr 1 | D10: March | E10: 21 | F10: CORRECTIVO | G10: 0.3166667 | I10: NA | J10: NA | K10: NA | L10: NA | M10: NA | N10: NA | O10: NA | P10: NA | R10: NA | S10: NA | U10: Departmental Digital | V10: XEROX MEXICANA SA DE CV / XEROX MEXICANA | W10: COAHUILA | X10: 2019 | Y10: Qtr 2 | Z10: April | AA10: 5 | AB10: 58 | AC10: 1.1 | AD10: 0 | AE10: 962 | AF10: =VLOOKUP(A10,[1]DETALLE!$A$1:$AK$841,37,FALSE) -> #N/A | AG10: =VLOOKUP(A10,[1]DETALLE!$A$1:$AK$841,16,FALSE) -> #N/A | AH10: =VLOOKUP(A10,[1]DETALLE!$A$1:$AK$841,22,FALSE) -> #N/A | AI10: =VLOOKUP(A10,[1]DETALLE!$A$1:$AK$841,27,FALSE) -> #N/A | AJ10: =VLOOKUP(A10,[1]DETALLE!$A$1:$AK$841,18,FALSE) -> #N/A | AK10: =IF(AE10=AF10,1,0) -> #N/A | AL10: =IF(AB10=AG10,1,0) -> #N/A | AM10: =IF(AC10=AH10,1,0) -> #N/A | AN10: =IF(AD10=AI10,1,0) -> #N/A | AO10: =IF(H10=AJ10,1,0) -> #N/A
A11: 0BG2948893 | B11: 2019 | C11: Qtr 1 | D11: March | E11: 22 | F11: CORRECTIVO | G11: 2.65 | H11: Light Production Digital Business | I11: 803 | J11: 1573 | K11: 0.2 | L11: 0.6 | M11: 0.8 | N11: 1.05 | O11: 1.1 | P11: 1.15 | Q11: INTERIOR | R11: 4 | S11: 6 | T11: Ciudad principal | U11: High End Cut Sheet | V11: XEROX MEXICANA SA DE CV / XEROX MEXICANA | W11: NUEVO LEON | X11: 2019 | Y11: Qtr 2 | Z11: April | AA11: 4 | AB11: 15 | AC11: 0.8 | AD11: 0.6625 | AE11: 1258.4 | AF11: =VLOOKUP(A11,[1]DETALLE!$A$1:$AK$841,37,FALSE) -> 0 | AG11: =VLOOKUP(A11,[1]DETALLE!$A$1:$AK$841,16,FALSE) -> 10 | AH11: =VLOOKUP(A11,[1]DETALLE!$A$1:$AK$841,22,FALSE) -> 0 | AI11: =VLOOKUP(A11,[1]DETALLE!$A$1:$AK$841,27,FALSE) -> 0.216 | AJ11: =VLOOKUP(A11,[1]DETALLE!$A$1:$AK$841,18,FALSE) -> A4 Color Laser MFPs | AK11: =IF(AE11=AF11,1,0) -> 0 | AL11: =IF(AB11=AG11,1,0) -> 0 | AM11: =IF(AC11=AH11,1,0) -> 0 | AN11: =IF(AD11=AI11,1,0) -> 0 | AO11: =IF(H11=AJ11,1,0) -> 0
A12: 0LX5697800 | B12: 2019 | C12: Qtr 1 | D12: March | E12: 22 | F12: CORRECTIVO | G12: 1.066667 | H12: A3 Office Color Laser MFPs | I12: 655 | J12: 1365 | K12: 0 | L12: 0 | M12: 0.6 | N12: 0.8 | O12: 1.05 | P12: 1.1 | Q12: INTERIOR | R12: 5 | S12: 9 | T12: Ciudad principal | U12: A3 Office Color Laser MFPs | V12: XEROX MEXICANA SA DE CV / XEROX MEXICANA | W12: CHIHUAHUA | X12: 2019 | Y12: Qtr 2 | Z12: April | AA12: 4 | AB12: 17 | AC12: 0.8 | AD12: 0.2133334 | AE12: 1092 | AF12: =VLOOKUP(A12,[1]DETALLE!$A$1:$AK$841,37,FALSE) -> 1258.4 | AG12: =VLOOKUP(A12,[1]DETALLE!$A$1:$AK$841,16,FALSE) -> 7 | AH12: =VLOOKUP(A12,[1]DETALLE!$A$1:$AK$841,22,FALSE) -> 0.8 | AI12: =VLOOKUP(A12,[1]DETALLE!$A$1:$AK$841,27,FALSE) -> 0.3125 | AJ12: =VLOOKUP(A12,[1]DETALLE!$A$1:$AK$841,18,FALSE) -> Light Production Digital Business | AK12: =IF(AE12=AF12,1,0) -> 0 | AL12: =IF(AB12=AG12,1,0) -> 0 | AM12: =IF(AC12=AH12,1,0) -> 1 | AN12: =IF(AD12=AI12,1,0) -> 0 | AO12: =IF(H12=AJ12,1,0) -> 0
A13: 0AB9779149 | B13: 2019 | C13: Qtr 1 | D13: March | E13: 25 | F13: CORRECTIVO | G13: 0 | H13: Color Laser Printers | I13: 468 | J13: 715 | K13: 0 | L13: 0 | M13: 0 | N13: 0.6 | O13: 0.8 | P13: 1.05 | Q13: INTERIOR | R13: 5 | S13: 9 | T13: Ciudad principal | U13: Departmental Digital | V13: XEROX MEXICANA SA DE CV / XEROX MEXICANA | W13: QUERETARO | X13: 2019 | Y13: Qtr 2 | Z13: April | AA13: 8 | AB13: 194 | AC13: 1.05 | AD13: 0 | AE13: 750.75 | AF13: =VLOOKUP(A13,[1]DETALLE!$A$1:$AK$841,37,FALSE) -> 750.75 | AG13: =VLOOKUP(A13,[1]DETALLE!$A$1:$AK$841,16,FALSE) -> 117 | AH13: =VLOOKUP(A13,[1]DETALLE!$A$1:$AK$841,22,FALSE) -> 1.05 | AI13: =VLOOKUP(A13,[1]DETALLE!$A$1:$AK$841,27,FALSE) -> 0.3 | AJ13: =VLOOKUP(A13,[1]DETALLE!$A$1:$AK$841,18,FALSE) -> A4 Color Laser MFPs | AK13: =IF(AE13=AF13,1,0) -> 1 | AL13: =IF(AB13=AG13,1,0) -> 0 | AM13: =IF(AC13=AH13,1,0) -> 1 | AN13: =IF(AD13=AI13,1,0) -> 0 | AO13: =IF(H13=AJ13,1,0) -> 0
A14: 0BG2949298 | B14: 2019 | C14: Qtr 1 | D14: March | E14: 25 | F14: CORRECTIVO | G14: 2.733333 | H14: Light Production Digital Business | I14: 803 | J14: 1573 | K14: 0.2 | L14: 0.6 | M14: 0.8 | N14: 1.05 | O14: 1.1 | P14: 1.15 | Q14: INTERIOR | R14: 4 | S14: 6 | T14: Ciudad principal | U14: High End Cut Sheet | V14: XEROX MEXICANA SA DE CV / XEROX MEXICANA | W14: ESTADO DE MEXICO | X14: 2019 | Y14: Qtr 2 | Z14: April | AA14: 2 | AB14: 14 | AC14: 0.8 | AD14: 0.68333325 | AE14: 1258.4 | AF14: =VLOOKUP(A14,[1]DETALLE!$A$1:$AK$841,37,FALSE) -> 1258.4 | AG14: =VLOOKUP(A14,[1]DETALLE!$A$1:$AK$841,16,FALSE) -> 14 | AH14: =VLOOKUP(A14,[1]DETALLE!$A$1:$AK$841,22,FALSE) -> 0.8 | AI14: =VLOOKUP(A14,[1]DETALLE!$A$1:$AK$841,27,FALSE) -> 0.1875 | AJ14: =VLOOKUP(A14,[1]DETALLE!$A$1:$AK$841,18,FALSE) -> Light Production Digital Business | AK14: =IF(AE14=AF14,1,0) -> 1 | AL14: =IF(AB14=AG14,1,0) -> 1 | AM14: =IF(AC14=AH14,1,0) -> 1 | AN14: =IF(AD14=AI14,1,0) -> 0 | AO14: =IF(H14=AJ14,1,0) -> 1
A15: 0EX9299901 | B15: 2019 | C15: Qtr 1 | D15: March | E15: 25 | F15: CORRECTIVO | G15: 2.783333 | H15: Departmental Digital | I15: 655 | J15: 1365 | K15: 0 | L15: 0 | M15: 0.6 | N15: 0.8 | O15: 1.05 | P15: 1.1 | Q15: INTERIOR | R15: 5 | S15: 9 | T15: Ciudad principal | U15: Departmental Digital | V15: XEROX MEXICANA SA DE CV / XEROX MEXICANA | W15: TAMAULIPAS | X15: 2019 | Y15: Qtr 2 | Z15: April | AA15: 2 | AB15: 348 | AC15: 1.1 | AD15: 0.5566666 | AE15: 1501.5 | AF15: =VLOOKUP(A15,[1]DETALLE!$A$1:$AK$841,37,FALSE) -> 1808.95 | AG15: =VLOOKUP(A15,[1]DETALLE!$A$1:$AK$841,16,FALSE) -> 118 | AH15: =VLOOKUP(A15,[1]DETALLE!$A$1:$AK$841,22,FALSE) -> 1.15 | AI15: =VLOOKUP(A15,[1]DETALLE!$A$1:$AK$841,27,FALSE) -> 0.0825 | AJ15: =VLOOKUP(A15,[1]DETALLE!$A$1:$AK$841,18,FALSE) -> WF Mono Systems and Legacy Color | AK15: =IF(AE15=AF15,1,0) -> 0 | AL15: =IF(AB15=AG15,1,0) -> 0 | AM15: =IF(AC15=AH15,1,0) -> 0 | AN15: =IF(AD15=AI15,1,0) -> 0 | AO15: =IF(H15=AJ15,1,0) -> 0
A16: 0KPA018838 | B16: 2019 | C16: Qtr 1 | D16: March | E16: 25 | F16: MANTENIMIENTO PREVENTIVO | G16: 0 | H16: Entry Mono Printers | I16: 468 | J16: 715 | K16: 0 | L16: 0 | M16: 0 | N16: 0.6 | O16: 0.8 | P16: 1.05 | Q16: INTERIOR | R16: 5 | S16: 9 | T16: Ciudad principal | U16: Departmental Digital | V16: XEROX MEXICANA SA DE CV / XEROX MEXICANA | W16: CHIHUAHUA | X16: 2019 | Y16: Qtr 2 | Z16: April | AA16: 1 | AB16: 12 | AC16: 0 | AD16: 0 | AE16: 715 | AF16: =VLOOKUP(A16,[1]DETALLE!$A$1:$AK$841,37,FALSE) -> 0 | AG16: =VLOOKUP(A16,[1]DETALLE!$A$1:$AK$841,16,FALSE) -> 28 | AH16: =VLOOKUP(A16,[1]DETALLE!$A$1:$AK$841,22,FALSE) -> 0.8 | AI16: =VLOOKUP(A16,[1]DETALLE!$A$1:$AK$841,27,FALSE) -> 0.558 | AJ16: =VLOOKUP(A16,[1]DETALLE!$A$1:$AK$841,18,FALSE) -> Office Digital | AK16: =IF(AE16=AF16,1,0) -> 0 | AL16: =IF(AB16=AG16,1,0) -> 0 | AM16: =IF(AC16=AH16,1,0) -> 0 | AN16: =IF(AD16=AI16,1,0) -> 0 | AO16: =IF(H16=AJ16,1,0) -> 0
A17: 0BG2946876 | B17: 2019 | C17: Qtr 1 | D17: March | E17: 26 | F17: CORRECTIVO | G17: 3.95 | H17: Light Production Digital Business | I17: 803 | J17: 1573 | K17: 0.2 | L17: 0.6 | M17: 0.8 | N17: 1.05 | O17: 1.1 | P17: 1.15 | Q17: INTERIOR | R17: 4 | S17: 6 | T17: Ciudad principal | U17: High End Cut Sheet | V17: XEROX MEXICANA SA DE CV / XEROX MEXICANA | W17: GUANAJUATO | X17: 2019 | Y17: Qtr 2 | Z17: April | AA17: 2 | AB17: 7 | AC17: 0.8 | AD17: 0.9875 | AE17: 1258.4 | AF17: =VLOOKUP(A17,[1]DETALLE!$A$1:$AK$841,37,FALSE) -> 750.75 | AG17: =VLOOKUP(A17,[1]DETALLE!$A$1:$AK$841,16,FALSE) -> 194 | AH17: =VLOOKUP(A17,[1]DETALLE!$A$1:$AK$841,22,FALSE) -> 1.05 | AI17: =VLOOKUP(A17,[1]DETALLE!$A$1:$AK$841,27,FALSE) -> 0 | AJ17: =VLOOKUP(A17,[1]DETALLE!$A$1:$AK$841,18,FALSE) -> Color Laser Printers | AK17: =IF(AE17=AF17,1,0) -> 0 | AL17: =IF(AB17=AG17,1,0) -> 0 | AM17: =IF(AC17=AH17,1,0) -> 0 | AN17: =IF(AD17=AI17,1,0) -> 0 | AO17: =IF(H17=AJ17,1,0) -> 0
A18: 0DRB131260 | B18: 2019 | C18: Qtr 1 | D18: March | E18: 26 | F18: CORRECTIVO | G18: 1.816667 | H18: Entry Production Color Low/Mid | I18: 803 | J18: 1573 | K18: 0.2 | L18: 0.6 | M18: 0.8 | N18: 1.05 | O18: 1.1 | P18: 1.15 | Q18: INTERIOR | R18: 4 | S18: 6 | T18: Ciudad principal | U18: Entry Production Color Low/Mid | V18: XEROX MEXICANA SA DE CV / XEROX MEXICANA | W18: JALISCO | X18: 2019 | Y18: Qtr 2 | Z18: April | AA18: 5 | AB18: 64 | AC18: 1.15 | AD18: 0.45416675 | AE18: 1808.95 | AF18: =VLOOKUP(A18,[1]DETALLE!$A$1:$AK$841,37,FALSE) -> 750.75 | AG18: =VLOOKUP(A18,[1]DETALLE!$A$1:$AK$841,16,FALSE) -> 177 | AH18: =VLOOKUP(A18,[1]DETALLE!$A$1:$AK$841,22,FALSE) -> 1.05 | AI18: =VLOOKUP(A18,[1]DETALLE!$A$1:$AK$841,27,FALSE) -> 0.466 | AJ18: =VLOOKUP(A18,[1]DETALLE!$A$1:$AK$841,18,FALSE) -> Entry Mono Printers | AK18: =IF(AE18=AF18,1,0) -> 0 | AL18: =IF(AB18=AG18,1,0) -> 0 | AM18: =IF(AC18=AH18,1,0) -> 0 | AN18: =IF(AD18=AI18,1,0) -> 0 | AO18: =IF(H18=AJ18,1,0) -> 0
A19: 0XKK418248 | B19: 2019 | C19: Qtr 1 | D19: March | E19: 26 | F19: CORRECTIVO | G19: 0.35 | I19: NA | J19: NA | K19: NA | L19: NA | M19: NA | N19: NA | O19: NA | P19: NA | R19: NA | S19: NA | U19: A3 Office Color Laser MFPs | V19: XEROX MEXICANA SA DE CV / XEROX MEXICANA | W19: COAHUILA | X19: 2019 | Y19: Qtr 2 | Z19: April | AA19: 1 | AB19: 41 | AC19: 1.1 | AD19: 0 | AE19: 1433.25 | AF19: =VLOOKUP(A19,[1]DETALLE!$A$1:$AK$841,37,FALSE) -> #N/A | AG19: =VLOOKUP(A19,[1]DETALLE!$A$1:$AK$841,16,FALSE) -> #N/A | AH19: =VLOOKUP(A19,[1]DETALLE!$A$1:$AK$841,22,FALSE) -> #N/A | AI19: =VLOOKUP(A19,[1]DETALLE!$A$1:$AK$841,27,FALSE) -> #N/A | AJ19: =VLOOKUP(A19,[1]DETALLE!$A$1:$AK$841,18,FALSE) -> #N/A | AK19: =IF(AE19=AF19,1,0) -> #N/A | AL19: =IF(AB19=AG19,1,0) -> #N/A | AM19: =IF(AC19=AH19,1,0) -> #N/A | AN19: =IF(AD19=AI19,1,0) -> #N/A | AO19: =IF(H19=AJ19,1,0) -> #N/A
A20: 0BG2947932 | B20: 2019 | C20: Qtr 1 | D20: March | E20: 27 | F20: CORRECTIVO | G20: 1.433333 | H20: Light Production Digital Business | I20: 803 | J20: 1573 | K20: 0.2 | L20: 0.6 | M20: 0.8 | N20: 1.05 | O20: 1.1 | P20: 1.15 | Q20: INTERIOR | R20: 4 | S20: 6 | T20: Ciudad principal | U20: High End Cut Sheet | V20: XEROX MEXICANA SA DE CV / XEROX MEXICANA | W20: QUERETARO | X20: 2019 | Y20: Qtr 2 | Z20: April | AA20: 15 | AB20: 41 | AC20: 1.1 | AD20: 0.35833325 | AE20: 1730.3 | AF20: =VLOOKUP(A20,[1]DETALLE!$A$1:$AK$841,37,FALSE) -> 1730.3 | AG20: =VLOOKUP(A20,[1]DETALLE!$A$1:$AK$841,16,FALSE) -> 56 | AH20: =VLOOKUP(A20,[1]DETALLE!$A$1:$AK$841,22,FALSE) -> 1.1 | AI20: =VLOOKUP(A20,[1]DETALLE!$A$1:$AK$841,27,FALSE) -> 0.155 | AJ20: =VLOOKUP(A20,[1]DETALLE!$A$1:$AK$841,18,FALSE) -> Entry Production Color Low/Mid | AK20: =IF(AE20=AF20,1,0) -> 1 | AL20: =IF(AB20=AG20,1,0) -> 0 | AM20: =IF(AC20=AH20,1,0) -> 1 | AN20: =IF(AD20=AI20,1,0) -> 0 | AO20: =IF(H20=AJ20,1,0) -> 0
A21: 0EX9293999 | B21: 2019 | C21: Qtr 1 | D21: March | E21: 27 | F21: CORRECTIVO | G21: 1.066667 | H21: Departmental Digital | I21: 655 | J21: 1365 | K21: 0 | L21: 0 | M21: 0.6 | N21: 0.8 | O21: 1.05 | P21: 1.1 | Q21: INTERIOR | R21: 5 | S21: 9 | T21: Ciudad principal | U21: Departmental Digital | V21: XEROX MEXICANA SA DE CV / XEROX MEXICANA | W21: GUANAJUATO | X21: 2019 | Y21: Qtr 2 | Z21: April | AA21: 2 | AB21: 15 | AC21: 0.6 | AD21: 0.2133334 | AE21: 819 | AF21: =VLOOKUP(A21,[1]DETALLE!$A$1:$AK$841,37,FALSE) -> 1501.5 | AG21: =VLOOKUP(A21,[1]DETALLE!$A$1:$AK$841,16,FALSE) -> 150 | AH21: =VLOOKUP(A21,[1]DETALLE!$A$1:$AK$841,22,FALSE) -> 1.1 | AI21: =VLOOKUP(A21,[1]DETALLE!$A$1:$AK$841,27,FALSE) -> 0.554 | AJ21: =VLOOKUP(A21,[1]DETALLE!$A$1:$AK$841,18,FALSE) -> Departmental Digital | AK21: =IF(AE21=AF21,1,0) -> 0 | AL21: =IF(AB21=AG21,1,0) -> 0 | AM21: =IF(AC21=AH21,1,0) -> 0 | AN21: =IF(AD21=AI21,1,0) -> 0 | AO21: =IF(H21=AJ21,1,0) -> 1
A22: 0LBP345977 | B22: 2019 | C22: Qtr 1 | D22: March | E22: 27 | F22: CORRECTIVO | G22: 4 | I22: NA | J22: NA | K22: NA | L22: NA | M22: NA | N22: NA | O22: NA | P22: NA | R22: NA | S22: NA | U22: A4 Mono MFPs | V22: XEROX MEXICANA SA DE CV / XEROX MEXICANA | W22: JALISCO | X22: 2019 | Y22: Qtr 2 | Z22: April | AA22: 3 | AB22: 0 | AC22: 1.1 | AD22: 0 | AE22: 750.75 | AF22: =VLOOKUP(A22,[1]DETALLE!$A$1:$AK$841,37,FALSE) -> 429 | AG22: =VLOOKUP(A22,[1]DETALLE!$A$1:$AK$841,16,FALSE) -> 22 | AH22: =VLOOKUP(A22,[1]DETALLE!$A$1:$AK$841,22,FALSE) -> 0.6 | AI22: =VLOOKUP(A22,[1]DETALLE!$A$1:$AK$841,27,FALSE) -> 0.246 | AJ22: =VLOOKUP(A22,[1]DETALLE!$A$1:$AK$841,18,FALSE) -> Color Laser Printers | AK22: =IF(AE22=AF22,1,0) -> 0 | AL22: =IF(AB22=AG22,1,0) -> 0 | AM22: =IF(AC22=AH22,1,0) -> 0 | AN22: =IF(AD22=AI22,1,0) -> 0 | AO22: =IF(H22=AJ22,1,0) -> 0
A23: 7TX135776 | B23: 2019 | C23: Qtr 1 | D23: March | E23: 27 | F23: MANTENIMIENTO PREVENTIVO | G23: 0 | H23: A3 Office Color Laser MFPs | I23: 655 | J23: 1365 | K23: 0 | L23: 0 | M23: 0.6 | N23: 0.8 | O23: 1.05 | P23: 1.1 | Q23: INTERIOR | R23: 5 | S23: 9 | T23: Ciudad principal | U23: A3 Office Color Laser MFPs | V23: XEROX MEXICANA SA DE CV / XEROX MEXICANA | W23: MICHOACAN | X23: 2019 | Y23: Qtr 2 | Z23: April | AA23: 16 | AB23: 76 | AC23: 0 | AD23: 0 | AE23: 1365 | AF23: =VLOOKUP(A23,[1]DETALLE!$A$1:$AK$841,37,FALSE) -> 1433.25 | AG23: =VLOOKUP(A23,[1]DETALLE!$A$1:$AK$841,16,FALSE) -> 42 | AH23: =VLOOKUP(A23,[1]DETALLE!$A$1:$AK$841,22,FALSE) -> 1.05 | AI23: =VLOOKUP(A23,[1]DETALLE!$A$1:$AK$841,27,FALSE) -> 0 | AJ23: =VLOOKUP(A23,[1]DETALLE!$A$1:$AK$841,18,FALSE) -> Departmental Digital | AK23: =IF(AE23=AF23,1,0) -> 0 | AL23: =IF(AB23=AG23,1,0) -> 0 | AM23: =IF(AC23=AH23,1,0) -> 0 | AN23: =IF(AD23=AI23,1,0) -> 1 | AO23: =IF(H23=AJ23,1,0) -> 0
A24: 03AG880144 | B24: 2019 | C24: Qtr 1 | D24: March | E24: 28 | F24: CORRECTIVO | G24: 0.25 | H24: Departmental Digital | I24: 655 | J24: 1365 | K24: 0 | L24: 0 | M24: 0.6 | N24: 0.8 | O24: 1.05 | P24: 1.1 | Q24: INTERIOR | R24: 5 | S24: 9 | T24: Ciudad principal | U24: Light Production Digital Business | V24: XEROX MEXICANA SA DE CV / XEROX MEXICANA | W24: NUEVO LEON | X24: 2019 | Y24: Qtr 2 | Z24: April | AA24: 2 | AB24: 7 | AC24: 0.6 | AD24: 0.05 | AE24: 819 | AF24: =VLOOKUP(A24,[1]DETALLE!$A$1:$AK$841,37,FALSE) -> 2234.375 | AG24: =VLOOKUP(A24,[1]DETALLE!$A$1:$AK$841,16,FALSE) -> 7 | AH24: =VLOOKUP(A24,[1]DETALLE!$A$1:$AK$841,22,FALSE) -> 1.05 | AI24: =VLOOKUP(A24,[1]DETALLE!$A$1:$AK$841,27,FALSE) -> 1.0333333 | AJ24: =VLOOKUP(A24,[1]DETALLE!$A$1:$AK$841,18,FALSE) -> Xerox Color Press | AK24: =IF(AE24=AF24,1,0) -> 0 | AL24: =IF(AB24=AG24,1,0) -> 1 | AM24: =IF(AC24=AH24,1,0) -> 0 | AN24: =IF(AD24=AI24,1,0) -> 0 | AO24: =IF(H24=AJ24,1,0) -> 0
A25: 03BT801962 | B25: 2019 | C25: Qtr 1 | D25: March | E25: 28 | F25: INSTALACION NUEVA | G25: 0 | H25: A4 Mono MFPs | I25: 468 | J25: 715 | K25: 0 | L25: 0 | M25: 0 | N25: 0.6 | O25: 0.8 | P25: 1.05 | Q25: INTERIOR | R25: 5 | S25: 9 | T25: Ciudad principal | U25: A4 Mono MFPs | V25: XEROX MEXICANA SA DE CV / XEROX MEXICANA | W25: SAN LUIS POTOSI | X25: 2019 | Y25: Qtr 2 | Z25: April | AA25: 1 | AB25: 34 | AC25: 0 | AD25: 0 | AE25: 715 | AF25: =VLOOKUP(A25,[1]DETALLE!$A$1:$AK$841,37,FALSE) -> #N/A | AG25: =VLOOKUP(A25,[1]DETALLE!$A$1:$AK$841,16,FALSE) -> #N/A | AH25: =VLOOKUP(A25,[1]DETALLE!$A$1:$AK$841,22,FALSE) -> #N/A | AI25: =VLOOKUP(A25,[1]DETALLE!$A$1:$AK$841,27,FALSE) -> #N/A | AJ25: =VLOOKUP(A25,[1]DETALLE!$A$1:$AK$841,18,FALSE) -> #N/A | AK25: =IF(AE25=AF25,1,0) -> #N/A | AL25: =IF(AB25=AG25,1,0) -> #N/A | AM25: =IF(AC25=AH25,1,0) -> #N/A | AN25: =IF(AD25=AI25,1,0) -> #N/A | AO25: =IF(H25=AJ25,1,0) -> #N/A
A26: 0A2T369923 | B26: 2019 | C26: Qtr 1 | D26: March | E26: 28 | F26: CORRECTIVO | G26: 0 | H26: A4 Mono MFPs | I26: 468 | J26: 715 | K26: 0 | L26: 0 | M26: 0 | N26: 0.6 | O26: 0.8 | P26: 1.05 | Q26: INTERIOR | R26: 5 | S26: 9 | T26: Otras | U26: A4 Mono MFPs | V26: XEROX MEXICANA SA DE CV / XEROX MEXICANA | W26: TAMAULIPAS | X26: 2019 | Y26: Qtr 2 | Z26: April | AA26: 4 | AB26: 66 | AC26: 1.05 | AD26: 0 | AE26: 750.75 | AF26: =VLOOKUP(A26,[1]DETALLE!$A$1:$AK$841,37,FALSE) -> 1808.95 | AG26: =VLOOKUP(A26,[1]DETALLE!$A$1:$AK$841,16,FALSE) -> 230 | AH26: =VLOOKUP(A26,[1]DETALLE!$A$1:$AK$841,22,FALSE) -> 1.15 | AI26: =VLOOKUP(A26,[1]DETALLE!$A$1:$AK$841,27,FALSE) -> 0.665 | AJ26: =VLOOKUP(A26,[1]DETALLE!$A$1:$AK$841,18,FALSE) -> Entry Production Color Low/Mid | AK26: =IF(AE26=AF26,1,0) -> 0 | AL26: =IF(AB26=AG26,1,0) -> 0 | AM26: =IF(AC26=AH26,1,0) -> 0 | AN26: =IF(AD26=AI26,1,0) -> 0 | AO26: =IF(H26=AJ26,1,0) -> 0
A27: 0BG2946750 | B27: 2019 | C27: Qtr 1 | D27: March | E27: 28 | F27: CORRECTIVO | G27: 1.816667 | H27: Light Production Digital Business | I27: 803 | J27: 1573 | K27: 0.2 | L27: 0.6 | M27: 0.8 | N27: 1.05 | O27: 1.1 | P27: 1.15 | Q27: INTERIOR | R27: 4 | S27: 6 | T27: Ciudad principal | U27: High End Cut Sheet | V27: XEROX MEXICANA SA DE CV / XEROX MEXICANA | W27: CHIHUAHUA | X27: 2019 | Y27: Qtr 2 | Z27: April | AA27: 1 | AB27: 3 | AC27: 0.6 | AD27: 0.45416675 | AE27: 943.8 | AF27: =VLOOKUP(A27,[1]DETALLE!$A$1:$AK$841,37,FALSE) -> -97.5975 | AG27: =VLOOKUP(A27,[1]DETALLE!$A$1:$AK$841,16,FALSE) -> 1 | AH27: =VLOOKUP(A27,[1]DETALLE!$A$1:$AK$841,22,FALSE) -> 0 | AI27: =VLOOKUP(A27,[1]DETALLE!$A$1:$AK$841,27,FALSE) -> 1.546 | AJ27: =VLOOKUP(A27,[1]DETALLE!$A$1:$AK$841,18,FALSE) -> A4 Mono MFPs | AK27: =IF(AE27=AF27,1,0) -> 0 | AL27: =IF(AB27=AG27,1,0) -> 0 | AM27: =IF(AC27=AH27,1,0) -> 0 | AN27: =IF(AD27=AI27,1,0) -> 0 | AO27: =IF(H27=AJ27,1,0) -> 0
A28: 0BG2951627 | B28: 2019 | C28: Qtr 1 | D28: March | E28: 28 | F28: CORRECTIVO | G28: 0.06666667 | H28: Light Production Digital Business | I28: 803 | J28: 1573 | K28: 0.2 | L28: 0.6 | M28: 0.8 | N28: 1.05 | O28: 1.1 | P28: 1.15 | Q28: INTERIOR | R28: 4 | S28: 6 | T28: Ciudad principal | U28: High End Cut Sheet | V28: XEROX MEXICANA SA DE CV / XEROX MEXICANA | W28: TAMAULIPAS | X28: 2019 | Y28: Qtr 2 | Z28: April | AA28: 15 | AB28: 10 | AC28: 0.8 | AD28: 0.016666667 | AE28: 1258.4 | AF28: =VLOOKUP(A28,[1]DETALLE!$A$1:$AK$841,37,FALSE) -> 1501.5 | AG28: =VLOOKUP(A28,[1]DETALLE!$A$1:$AK$841,16,FALSE) -> 89 | AH28: =VLOOKUP(A28,[1]DETALLE!$A$1:$AK$841,22,FALSE) -> 1.1 | AI28: =VLOOKUP(A28,[1]DETALLE!$A$1:$AK$841,27,FALSE) -> 0.054 | AJ28: =VLOOKUP(A28,[1]DETALLE!$A$1:$AK$841,18,FALSE) -> Office Digital | AK28: =IF(AE28=AF28,1,0) -> 0 | AL28: =IF(AB28=AG28,1,0) -> 0 | AM28: =IF(AC28=AH28,1,0) -> 0 | AN28: =IF(AD28=AI28,1,0) -> 0 | AO28: =IF(H28=AJ28,1,0) -> 0
A29: 0EX9293515 | B29: 2019 | C29: Qtr 1 | D29: March | E29: 28 | F29: CORRECTIVO | G29: 0.03333334 | H29: Departmental Digital | I29: 655 | J29: 1365 | K29: 0 | L29: 0 | M29: 0.6 | N29: 0.8 | O29: 1.05 | P29: 1.1 | Q29: INTERIOR | R29: 5 | S29: 9 | T29: Ciudad principal | U29: Departmental Digital | V29: XEROX MEXICANA SA DE CV / XEROX MEXICANA | W29: JALISCO | X29: 2019 | Y29: Qtr 2 | Z29: April | AA29: 1 | AB29: 8 | AC29: 0.6 | AD29: 0.006666668 | AE29: 819 | AF29: =VLOOKUP(A29,[1]DETALLE!$A$1:$AK$841,37,FALSE) -> 819 | AG29: =VLOOKUP(A29,[1]DETALLE!$A$1:$AK$841,16,FALSE) -> 14 | AH29: =VLOOKUP(A29,[1]DETALLE!$A$1:$AK$841,22,FALSE) -> 0.6 | AI29: =VLOOKUP(A29,[1]DETALLE!$A$1:$AK$841,27,FALSE) -> 0.324 | AJ29: =VLOOKUP(A29,[1]DETALLE!$A$1:$AK$841,18,FALSE) -> Departmental Digital | AK29: =IF(AE29=AF29,1,0) -> 1 | AL29: =IF(AB29=AG29,1,0) -> 0 | AM29: =IF(AC29=AH29,1,0) -> 1 | AN29: =IF(AD29=AI29,1,0) -> 0 | AO29: =IF(H29=AJ29,1,0) -> 1
A30: 0FBG479583 | B30: 2019 | C30: Qtr 1 | D30: March | E30: 28 | F30: CORRECTIVO | G30: 1.383333 | H30: Light Production Digital Business | I30: 803 | J30: 1573 | K30: 0.2 | L30: 0.6 | M30: 0.8 | N30: 1.05 | O30: 1.1 | P30: 1.15 | Q30: INTERIOR | R30: 4 | S30: 6 | T30: Otras | U30: High End Cut Sheet | V30: XEROX MEXICANA SA DE CV / XEROX MEXICANA | W30: NUEVO LEON | X30: 2019 | Y30: Qtr 2 | Z30: April | AA30: 4 | AB30: 7 | AC30: 0.8 | AD30: 0.2305555 | AE30: 1258.4 | AF30: =VLOOKUP(A30,[1]DETALLE!$A$1:$AK$841,37,FALSE) -> 0 | AG30: =VLOOKUP(A30,[1]DETALLE!$A$1:$AK$841,16,FALSE) -> 42 | AH30: =VLOOKUP(A30,[1]DETALLE!$A$1:$AK$841,22,FALSE) -> 1.05 | AI30: =VLOOKUP(A30,[1]DETALLE!$A$1:$AK$841,27,FALSE) -> 0.052 | AJ30: =VLOOKUP(A30,[1]DETALLE!$A$1:$AK$841,18,FALSE) -> Office Digital | AK30: =IF(AE30=AF30,1,0) -> 0 | AL30: =IF(AB30=AG30,1,0) -> 0 | AM30: =IF(AC30=AH30,1,0) -> 0 | AN30: =IF(AD30=AI30,1,0) -> 0 | AO30: =IF(H30=AJ30,1,0) -> 0
A31: 0PW4111396 | B31: 2019 | C31: Qtr 1 | D31: March | E31: 28 | F31: MANTENIMIENTO PREVENTIVO | G31: 0 | H31: WF Mono Systems and Legacy Color | I31: 803 | J31: 1573 | K31: 0.2 | L31: 0.6 | M31: 0.8 | N31: 1.05 | O31: 1.1 | P31: 1.15 | Q31: INTERIOR | R31: 4 | S31: 6 | T31: Ciudad principal | U31: WF Mono Systems and Legacy Color | V31: XEROX MEXICANA SA DE CV / XEROX MEXICANA | W31: COAHUILA | X31: 2019 | Y31: Qtr 2 | Z31: April | AA31: 3 | AB31: 156 | AC31: 0 | AD31: 0 | AE31: 1573 | AF31: =VLOOKUP(A31,[1]DETALLE!$A$1:$AK$841,37,FALSE) -> 0 | AG31: =VLOOKUP(A31,[1]DETALLE!$A$1:$AK$841,16,FALSE) -> 34 | AH31: =VLOOKUP(A31,[1]DETALLE!$A$1:$AK$841,22,FALSE) -> 1.05 | AI31: =VLOOKUP(A31,[1]DETALLE!$A$1:$AK$841,27,FALSE) -> 0.282 | AJ31: =VLOOKUP(A31,[1]DETALLE!$A$1:$AK$841,18,FALSE) -> Office Digital | AK31: =IF(AE31=AF31,1,0) -> 0 | AL31: =IF(AB31=AG31,1,0) -> 0 | AM31: =IF(AC31=AH31,1,0) -> 0 | AN31: =IF(AD31=AI31,1,0) -> 0 | AO31: =IF(H31=AJ31,1,0) -> 0
A32: 0BG2940184 | B32: 2019 | C32: Qtr 1 | D32: March | E32: 29 | F32: CORRECTIVO | G32: 0.5 | H32: Light Production Digital Business | I32: 803 | J32: 1573 | K32: 0.2 | L32: 0.6 | M32: 0.8 | N32: 1.05 | O32: 1.1 | P32: 1.15 | Q32: INTERIOR | R32: 4 | S32: 6 | T32: Ciudad principal | U32: High End Cut Sheet | V32: XEROX MEXICANA SA DE CV / XEROX MEXICANA | W32: JALISCO | X32: 2019 | Y32: Qtr 2 | Z32: April | AA32: 4 | AB32: 1 | AC32: 0.2 | AD32: 0.125 | AE32: 314.6 | AF32: =VLOOKUP(A32,[1]DETALLE!$A$1:$AK$841,37,FALSE) -> 750.75 | AG32: =VLOOKUP(A32,[1]DETALLE!$A$1:$AK$841,16,FALSE) -> 854 | AH32: =VLOOKUP(A32,[1]DETALLE!$A$1:$AK$841,22,FALSE) -> 1.05 | AI32: =VLOOKUP(A32,[1]DETALLE!$A$1:$AK$841,27,FALSE) -> 0.312 | AJ32: =VLOOKUP(A32,[1]DETALLE!$A$1:$AK$841,18,FALSE) -> Entry Mono Printers | AK32: =IF(AE32=AF32,1,0) -> 0 | AL32: =IF(AB32=AG32,1,0) -> 0 | AM32: =IF(AC32=AH32,1,0) -> 0 | AN32: =IF(AD32=AI32,1,0) -> 0 | AO32: =IF(H32=AJ32,1,0) -> 0
A33: 0BG2949312 | B33: 2019 | C33: Qtr 1 | D33: March | E33: 29 | F33: CORRECTIVO | G33: 1.316667 | H33: Light Production Digital Business | I33: 803 | J33: 1573 | K33: 0.2 | L33: 0.6 | M33: 0.8 | N33: 1.05 | O33: 1.1 | P33: 1.15 | Q33: INTERIOR | R33: 4 | S33: 6 | T33: Ciudad principal | U33: High End Cut Sheet | V33: XEROX MEXICANA SA DE CV / XEROX MEXICANA | W33: ESTADO DE MEXICO | X33: 2019 | Y33: Qtr 2 | Z33: April | AA33: 1 | AB33: 36 | AC33: 1.1 | AD33: 0.32916675 | AE33: 1730.3 | AF33: =VLOOKUP(A33,[1]DETALLE!$A$1:$AK$841,37,FALSE) -> 1651.65 | AG33: =VLOOKUP(A33,[1]DETALLE!$A$1:$AK$841,16,FALSE) -> 27 | AH33: =VLOOKUP(A33,[1]DETALLE!$A$1:$AK$841,22,FALSE) -> 1.05 | AI33: =VLOOKUP(A33,[1]DETALLE!$A$1:$AK$841,27,FALSE) -> 0.8925 | AJ33: =VLOOKUP(A33,[1]DETALLE!$A$1:$AK$841,18,FALSE) -> Light Production Digital Business | AK33: =IF(AE33=AF33,1,0) -> 0 | AL33: =IF(AB33=AG33,1,0) -> 0 | AM33: =IF(AC33=AH33,1,0) -> 0 | AN33: =IF(AD33=AI33,1,0) -> 0 | AO33: =IF(H33=AJ33,1,0) -> 1
A34: 0CX0060974 | B34: 2019 | C34: Qtr 1 | D34: March | E34: 29 | F34: CORRECTIVO | G34: 0.2333333 | H34: Entry Production Color Mid | I34: 803 | J34: 1573 | K34: 0.2 | L34: 0.6 | M34: 0.8 | N34: 1.05 | O34: 1.1 | P34: 1.15 | Q34: INTERIOR | R34: 4 | S34: 6 | T34: Ciudad principal | U34: Entry Production Color High | V34: XEROX MEXICANA SA DE CV / XEROX MEXICANA | W34: CHIHUAHUA | X34: 2019 | Y34: Qtr 2 | Z34: April | AA34: 1 | AB34: 28 | AC34: 1.05 | AD34: 0.058333325 | AE34: 1651.65 | AF34: =VLOOKUP(A34,[1]DETALLE!$A$1:$AK$841,37,FALSE) -> 679.965 | AG34: =VLOOKUP(A34,[1]DETALLE!$A$1:$AK$841,16,FALSE) -> 575 | AH34: =VLOOKUP(A34,[1]DETALLE!$A$1:$AK$841,22,FALSE) -> 1.05 | AI34: =VLOOKUP(A34,[1]DETALLE!$A$1:$AK$841,27,FALSE) -> 1.396 | AJ34: =VLOOKUP(A34,[1]DETALLE!$A$1:$AK$841,18,FALSE) -> A4 Mono MFPs | AK34: =IF(AE34=AF34,1,0) -> 0 | AL34: =IF(AB34=AG34,1,0) -> 0 | AM34: =IF(AC34=AH34,1,0) -> 1 | AN34: =IF(AD34=AI34,1,0) -> 0 | AO34: =IF(H34=AJ34,1,0) -> 0
... A50: 0A1H020735 | B50: 2019 | C50: Qtr 2 | D50: April | E50: 1 | F50: CORRECTIVO | G50: 0 | H50: WF Mono Systems and Legacy Color | I50: 803 | J50: 1573 | K50: 0.2 | L50: 0.6 | M50: 0.8 | N50: 1.05 | O50: 1.1 | P50: 1.15 | Q50: INTERIOR | R50: 4 | S50: 6 | T50: Ciudad principal | U50: WF Mono Systems and Legacy Color | V50: XEROX MEXICANA SA DE CV / XEROX MEXICANA | W50: CHIHUAHUA | X50: 2019 | Y50: Qtr 2 | Z50: April | AA50: 4 | AB50: 47 | AC50: 1.1 | AD50: 0 | AE50: 1730.3 | AF50: =VLOOKUP(A50,[1]DETALLE!$A$1:$AK$841,37,FALSE) -> 750.75 | AG50: =VLOOKUP(A50,[1]DETALLE!$A$1:$AK$841,16,FALSE) -> 236 | AH50: =VLOOKUP(A50,[1]DETALLE!$A$1:$AK$841,22,FALSE) -> 1.05 | AI50: =VLOOKUP(A50,[1]DETALLE!$A$1:$AK$841,27,FALSE) -> 0.56 | AJ50: =VLOOKUP(A50,[1]DETALLE!$A$1:$AK$841,18,FALSE) -> A4 Mono MFPs | AK50: =IF(AE50=AF50,1,0) -> 0 | AL50: =IF(AB50=AG50,1,0) -> 0 | AM50: =IF(AC50=AH50,1,0) -> 0 | AN50: =IF(AD50=AI50,1,0) -> 0 | AO50: =IF(H50=AJ50,1,0) -> 0
A51: 0A4T021913 | B51: 2019 | C51: Qtr 2 | D51: April | E51: 1 | F51: CORRECTIVO | G51: 1.283333 | I51: NA | J51: NA | K51: NA | L51: NA | M51: NA | N51: NA | O51: NA | P51: NA | R51: NA | S51: NA | U51: A4 Mono MFPs | V51: XEROX MEXICANA SA DE CV / XEROX MEXICANA | W51: CHIHUAHUA | X51: 2019 | Y51: Qtr 2 | Z51: April | AA51: 3 | AB51: 0 | AC51: 1.1 | AD51: 0 | AE51: 750.75 | AF51: =VLOOKUP(A51,[1]DETALLE!$A$1:$AK$841,37,FALSE) -> 0 | AG51: =VLOOKUP(A51,[1]DETALLE!$A$1:$AK$841,16,FALSE) -> 3 | AH51: =VLOOKUP(A51,[1]DETALLE!$A$1:$AK$841,22,FALSE) -> 0 | AI51: =VLOOKUP(A51,[1]DETALLE!$A$1:$AK$841,27,FALSE) -> 0.256 | AJ51: =VLOOKUP(A51,[1]DETALLE!$A$1:$AK$841,18,FALSE) -> Departmental Digital | AK51: =IF(AE51=AF51,1,0) -> 0 | AL51: =IF(AB51=AG51,1,0) -> 0 | AM51: =IF(AC51=AH51,1,0) -> 0 | AN51: =IF(AD51=AI51,1,0) -> 0 | AO51: =IF(H51=AJ51,1,0) -> 0
A52: 0A4T558109 | B52: 2019 | C52: Qtr 2 | D52: April | E52: 1 | F52: CORRECTIVO | G52: 1.666667 | H52: Entry Mono Printers | I52: 468 | J52: 715 | K52: 0 | L52: 0 | M52: 0 | N52: 0.6 | O52: 0.8 | P52: 1.05 | Q52: INTERIOR | R52: 5 | S52: 9 | T52: Ciudad principal | U52: A4 Mono MFPs | V52: XEROX MEXICANA SA DE CV / XEROX MEXICANA | W52: GUANAJUATO | X52: 2019 | Y52: Qtr 2 | Z52: April | AA52: 3 | AB52: 383 | AC52: 1.05 | AD52: 0.3333334 | AE52: 750.75 | AF52: =VLOOKUP(A52,[1]DETALLE!$A$1:$AK$841,37,FALSE) -> 750.75 | AG52: =VLOOKUP(A52,[1]DETALLE!$A$1:$AK$841,16,FALSE) -> 146 | AH52: =VLOOKUP(A52,[1]DETALLE!$A$1:$AK$841,22,FALSE) -> 1.05 | AI52: =VLOOKUP(A52,[1]DETALLE!$A$1:$AK$841,27,FALSE) -> 0.258 | AJ52: =VLOOKUP(A52,[1]DETALLE!$A$1:$AK$841,18,FALSE) -> Entry Mono Printers | AK52: =IF(AE52=AF52,1,0) -> 1 | AL52: =IF(AB52=AG52,1,0) -> 0 | AM52: =IF(AC52=AH52,1,0) -> 1 | AN52: =IF(AD52=AI52,1,0) -> 0 | AO52: =IF(H52=AJ52,1,0) -> 1
A53: 0AE7146573 | B53: 2019 | C53: Qtr 2 | D53: April | E53: 1 | F53: CORRECTIVO | G53: 3.95 | H53: Office Digital | I53: 655 | J53: 1365 | K53: 0 | L53: 0 | M53: 0.6 | N53: 0.8 | O53: 1.05 | P53: 1.1 | Q53: INTERIOR | R53: 5 | S53: 9 | T53: Ciudad principal | U53: Departmental Digital | V53: XEROX MEXICANA SA DE CV / XEROX MEXICANA | W53: TAMAULIPAS | X53: 2019 | Y53: Qtr 2 | Z53: April | AA53: 5 | AB53: 313 | AC53: 1.1 | AD53: 0.79 | AE53: 1501.5 | AF53: =VLOOKUP(A53,[1]DETALLE!$A$1:$AK$841,37,FALSE) -> 1258.4 | AG53: =VLOOKUP(A53,[1]DETALLE!$A$1:$AK$841,16,FALSE) -> 7 | AH53: =VLOOKUP(A53,[1]DETALLE!$A$1:$AK$841,22,FALSE) -> 0.8 | AI53: =VLOOKUP(A53,[1]DETALLE!$A$1:$AK$841,27,FALSE) -> 0.625 | AJ53: =VLOOKUP(A53,[1]DETALLE!$A$1:$AK$841,18,FALSE) -> Entry Production Color Low/Mid | AK53: =IF(AE53=AF53,1,0) -> 0 | AL53: =IF(AB53=AG53,1,0) -> 0 | AM53: =IF(AC53=AH53,1,0) -> 0 | AN53: =IF(AD53=AI53,1,0) -> 0 | AO53: =IF(H53=AJ53,1,0) -> 0
A54: 0BB1252119 | B54: 2019 | C54: Qtr 2 | D54: April | E54: 1 | F54: CORRECTIVO | G54: 0.2833333 | H54: A4 Mono MFPs | I54: 468 | J54: 715 | K54: 0 | L54: 0 | M54: 0 | N54: 0.6 | O54: 0.8 | P54: 1.05 | Q54: INTERIOR | R54: 5 | S54: 9 | T54: Ciudad principal | U54: A4 Mono MFPs | V54: XEROX MEXICANA SA DE CV / XEROX MEXICANA | W54: CHIHUAHUA | X54: 2019 | Y54: Qtr 2 | Z54: April | AA54: 1 | AB54: 32 | AC54: 0.8 | AD54: 0.05666666 | AE54: 572 | AF54: =VLOOKUP(A54,[1]DETALLE!$A$1:$AK$841,37,FALSE) -> 0 | AG54: =VLOOKUP(A54,[1]DETALLE!$A$1:$AK$841,16,FALSE) -> 210 | AH54: =VLOOKUP(A54,[1]DETALLE!$A$1:$AK$841,22,FALSE) -> 1.1 | AI54: =VLOOKUP(A54,[1]DETALLE!$A$1:$AK$841,27,FALSE) -> 0.106 | AJ54: =VLOOKUP(A54,[1]DETALLE!$A$1:$AK$841,18,FALSE) -> Office Digital | AK54: =IF(AE54=AF54,1,0) -> 0 | AL54: =IF(AB54=AG54,1,0) -> 0 | AM54: =IF(AC54=AH54,1,0) -> 0 | AN54: =IF(AD54=AI54,1,0) -> 0 | AO54: =IF(H54=AJ54,1,0) -> 0
A55: 0BG0966721 | B55: 2019 | C55: Qtr 2 | D55: April | E55: 1 | F55: CORRECTIVO | G55: 0.9333333 | H55: Light Production Digital Business | I55: 803 | J55: 1573 | K55: 0.2 | L55: 0.6 | M55: 0.8 | N55: 1.05 | O55: 1.1 | P55: 1.15 | Q55: INTERIOR | R55: 4 | S55: 6 | T55: Ciudad principal | U55: High End Cut Sheet | V55: XEROX MEXICANA SA DE CV / XEROX MEXICANA | W55: GUANAJUATO | X55: 2019 | Y55: Qtr 2 | Z55: April | AA55: 9 | AB55: 4 | AC55: 0.6 | AD55: 0.23333333 | AE55: 943.8 | AF55: =VLOOKUP(A55,[1]DETALLE!$A$1:$AK$841,37,FALSE) -> 1808.95 | AG55: =VLOOKUP(A55,[1]DETALLE!$A$1:$AK$841,16,FALSE) -> 121 | AH55: =VLOOKUP(A55,[1]DETALLE!$A$1:$AK$841,22,FALSE) -> 1.15 | AI55: =VLOOKUP(A55,[1]DETALLE!$A$1:$AK$841,27,FALSE) -> 0.795 | AJ55: =VLOOKUP(A55,[1]DETALLE!$A$1:$AK$841,18,FALSE) -> WF Mono Systems and Legacy Color | AK55: =IF(AE55=AF55,1,0) -> 0 | AL55: =IF(AB55=AG55,1,0) -> 0 | AM55: =IF(AC55=AH55,1,0) -> 0 | AN55: =IF(AD55=AI55,1,0) -> 0 | AO55: =IF(H55=AJ55,1,0) -> 0
A56: 0BG2940370 | B56: 2019 | C56: Qtr 2 | D56: April | E56: 1 | F56: CORRECTIVO | G56: 1.433333 | H56: Light Production Digital Business | I56: 803 | J56: 1573 | K56: 0.2 | L56: 0.6 | M56: 0.8 | N56: 1.05 | O56: 1.1 | P56: 1.15 | Q56: INTERIOR | R56: 4 | S56: 6 | T56: Ciudad principal | U56: High End Cut Sheet | V56: XEROX MEXICANA SA DE CV / XEROX MEXICANA | W56: CHIHUAHUA | X56: 2019 | Y56: Qtr 2 | Z56: April | AA56: 12 | AB56: 12 | AC56: 0.8 | AD56: 0.35833325 | AE56: 1258.4 | AF56: =VLOOKUP(A56,[1]DETALLE!$A$1:$AK$841,37,FALSE) -> 565.565 | AG56: =VLOOKUP(A56,[1]DETALLE!$A$1:$AK$841,16,FALSE) -> 44 | AH56: =VLOOKUP(A56,[1]DETALLE!$A$1:$AK$841,22,FALSE) -> 0.8 | AI56: =VLOOKUP(A56,[1]DETALLE!$A$1:$AK$841,27,FALSE) -> 1.036 | AJ56: =VLOOKUP(A56,[1]DETALLE!$A$1:$AK$841,18,FALSE) -> A4 Color Laser MFPs | AK56: =IF(AE56=AF56,1,0) -> 0 | AL56: =IF(AB56=AG56,1,0) -> 0 | AM56: =IF(AC56=AH56,1,0) -> 1 | AN56: =IF(AD56=AI56,1,0) -> 0 | AO56: =IF(H56=AJ56,1,0) -> 0
A57: 0BG2947159 | B57: 2019 | C57: Qtr 2 | D57: April | E57: 1 | F57: CORRECTIVO | G57: 1.916667 | H57: Light Production Digital Business | I57: 803 | J57: 1573 | K57: 0.2 | L57: 0.6 | M57: 0.8 | N57: 1.05 | O57: 1.1 | P57: 1.15 | Q57: INTERIOR | R57: 4 | S57: 6 | T57: Ciudad principal | U57: High End Cut Sheet | V57: XEROX MEXICANA SA DE CV / XEROX MEXICANA | W57: NUEVO LEON | X57: 2019 | Y57: Qtr 2 | Z57: April | AA57: 4 | AB57: 12 | AC57: 0.8 | AD57: 0.47916675 | AE57: 1258.4 | AF57: =VLOOKUP(A57,[1]DETALLE!$A$1:$AK$841,37,FALSE) -> 1258.4 | AG57: =VLOOKUP(A57,[1]DETALLE!$A$1:$AK$841,16,FALSE) -> 12 | AH57: =VLOOKUP(A57,[1]DETALLE!$A$1:$AK$841,22,FALSE) -> 0.8 | AI57: =VLOOKUP(A57,[1]DETALLE!$A$1:$AK$841,27,FALSE) -> 0.355 | AJ57: =VLOOKUP(A57,[1]DETALLE!$A$1:$AK$841,18,FALSE) -> Entry Production Color Low/Mid | AK57: =IF(AE57=AF57,1,0) -> 1 | AL57: =IF(AB57=AG57,1,0) -> 1 | AM57: =IF(AC57=AH57,1,0) -> 1 | AN57: =IF(AD57=AI57,1,0) -> 0 | AO57: =IF(H57=AJ57,1,0) -> 0
A58: 0BG2947475 | B58: 2019 | C58: Qtr 2 | D58: April | E58: 1 | F58: CORRECTIVO | G58: 0.5833333 | H58: Light Production Digital Business | I58: 803 | J58: 1573 | K58: 0.2 | L58: 0.6 | M58: 0.8 | N58: 1.05 | O58: 1.1 | P58: 1.15 | Q58: INTERIOR | R58: 4 | S58: 6 | T58: Otras | U58: High End Cut Sheet | V58: XEROX MEXICANA SA DE CV / XEROX MEXICANA | W58: COAHUILA | X58: 2019 | Y58: Qtr 2 | Z58: April | AA58: 1 | AB58: 56 | AC58: 1.1 | AD58: 0.097222217 | AE58: 1730.3 | AF58: =VLOOKUP(A58,[1]DETALLE!$A$1:$AK$841,37,FALSE) -> 1808.95 | AG58: =VLOOKUP(A58,[1]DETALLE!$A$1:$AK$841,16,FALSE) -> 116 | AH58: =VLOOKUP(A58,[1]DETALLE!$A$1:$AK$841,22,FALSE) -> 1.15 | AI58: =VLOOKUP(A58,[1]DETALLE!$A$1:$AK$841,27,FALSE) -> 0.5525 | AJ58: =VLOOKUP(A58,[1]DETALLE!$A$1:$AK$841,18,FALSE) -> Entry Production Color Low/Mid | AK58: =IF(AE58=AF58,1,0) -> 0 | AL58: =IF(AB58=AG58,1,0) -> 0 | AM58: =IF(AC58=AH58,1,0) -> 0 | AN58: =IF(AD58=AI58,1,0) -> 0 | AO58: =IF(H58=AJ58,1,0) -> 0
A59: 0BG2951676 | B59: 2019 | C59: Qtr 2 | D59: April | E59: 1 | F59: MANTENIMIENTO PREVENTIVO | G59: 0 | H59: Light Production Digital Business | I59: 803 | J59: 1573 | K59: 0.2 | L59: 0.6 | M59: 0.8 | N59: 1.05 | O59: 1.1 | P59: 1.15 | Q59: INTERIOR | R59: 4 | S59: 6 | T59: Ciudad principal | U59: High End Cut Sheet | V59: XEROX MEXICANA SA DE CV / XEROX MEXICANA | W59: TAMAULIPAS | X59: 2019 | Y59: Qtr 2 | Z59: April | AA59: 1 | AB59: 4 | AC59: 0 | AD59: 0 | AE59: 1573 | AF59: =VLOOKUP(A59,[1]DETALLE!$A$1:$AK$841,37,FALSE) -> #N/A | AG59: =VLOOKUP(A59,[1]DETALLE!$A$1:$AK$841,16,FALSE) -> #N/A | AH59: =VLOOKUP(A59,[1]DETALLE!$A$1:$AK$841,22,FALSE) -> #N/A | AI59: =VLOOKUP(A59,[1]DETALLE!$A$1:$AK$841,27,FALSE) -> #N/A | AJ59: =VLOOKUP(A59,[1]DETALLE!$A$1:$AK$841,18,FALSE) -> #N/A | AK59: =IF(AE59=AF59,1,0) -> #N/A | AL59: =IF(AB59=AG59,1,0) -> #N/A | AM59: =IF(AC59=AH59,1,0) -> #N/A | AN59: =IF(AD59=AI59,1,0) -> #N/A | AO59: =IF(H59=AJ59,1,0) -> #N/A
A60: 0C4X011834 | B60: 2019 | C60: Qtr 2 | D60: April | E60: 1 | F60: MANTENIMIENTO PREVENTIVO | G60: 0 | H60: A4 Mono MFPs | I60: 468 | J60: 715 | K60: 0 | L60: 0 | M60: 0 | N60: 0.6 | O60: 0.8 | P60: 1.05 | Q60: INTERIOR | R60: 5 | S60: 9 | T60: Otras | U60: A4 Mono MFPs | V60: XEROX MEXICANA SA DE CV / XEROX MEXICANA | W60: NUEVO LEON | X60: 2019 | Y60: Qtr 2 | Z60: April | AA60: 1 | AB60: 26 | AC60: 0 | AD60: 0 | AE60: 715 | AF60: =VLOOKUP(A60,[1]DETALLE!$A$1:$AK$841,37,FALSE) -> #N/A | AG60: =VLOOKUP(A60,[1]DETALLE!$A$1:$AK$841,16,FALSE) -> #N/A | AH60: =VLOOKUP(A60,[1]DETALLE!$A$1:$AK$841,22,FALSE) -> #N/A | AI60: =VLOOKUP(A60,[1]DETALLE!$A$1:$AK$841,27,FALSE) -> #N/A | AJ60: =VLOOKUP(A60,[1]DETALLE!$A$1:$AK$841,18,FALSE) -> #N/A | AK60: =IF(AE60=AF60,1,0) -> #N/A | AL60: =IF(AB60=AG60,1,0) -> #N/A | AM60: =IF(AC60=AH60,1,0) -> #N/A | AN60: =IF(AD60=AI60,1,0) -> #N/A | AO60: =IF(H60=AJ60,1,0) -> #N/A
A61: 0C7X246843 | B61: 2019 | C61: Qtr 2 | D61: April | E61: 1 | F61: CORRECTIVO | G61: 0 | H61: A4 Mono MFPs | I61: 468 | J61: 715 | K61: 0 | L61: 0 | M61: 0 | N61: 0.6 | O61: 0.8 | P61: 1.05 | Q61: INTERIOR | R61: 5 | S61: 9 | T61: Ciudad principal | U61: A4 Mono MFPs | V61: XEROX MEXICANA SA DE CV / XEROX MEXICANA | W61: TAMAULIPAS | X61: 2019 | Y61: Qtr 2 | Z61: April | AA61: 1 | AB61: 3 | AC61: 0 | AD61: 0 | AE61: 0 | AF61: =VLOOKUP(A61,[1]DETALLE!$A$1:$AK$841,37,FALSE) -> 0 | AG61: =VLOOKUP(A61,[1]DETALLE!$A$1:$AK$841,16,FALSE) -> 6 | AH61: =VLOOKUP(A61,[1]DETALLE!$A$1:$AK$841,22,FALSE) -> 0 | AI61: =VLOOKUP(A61,[1]DETALLE!$A$1:$AK$841,27,FALSE) -> 0.53 | AJ61: =VLOOKUP(A61,[1]DETALLE!$A$1:$AK$841,18,FALSE) -> Office Digital | AK61: =IF(AE61=AF61,1,0) -> 1 | AL61: =IF(AB61=AG61,1,0) -> 0 | AM61: =IF(AC61=AH61,1,0) -> 1 | AN61: =IF(AD61=AI61,1,0) -> 0 | AO61: =IF(H61=AJ61,1,0) -> 0
A62: 0E2B646633 | B62: 2019 | C62: Qtr 2 | D62: April | E62: 1 | F62: MANTENIMIENTO PREVENTIVO | G62: 0 | H62: Entry Production Color Low/Mid | I62: 803 | J62: 1573 | K62: 0.2 | L62: 0.6 | M62: 0.8 | N62: 1.05 | O62: 1.1 | P62: 1.15 | Q62: INTERIOR | R62: 4 | S62: 6 | T62: Ciudad principal | U62: Entry Production Color Low/Mid | V62: XEROX MEXICANA SA DE CV / XEROX MEXICANA | W62: TAMAULIPAS | X62: 2019 | Y62: Qtr 2 | Z62: April | AA62: 2 | AB62: 25 | AC62: 0 | AD62: 0 | AE62: 1573 | AF62: =VLOOKUP(A62,[1]DETALLE!$A$1:$AK$841,37,FALSE) -> 750.75 | AG62: =VLOOKUP(A62,[1]DETALLE!$A$1:$AK$841,16,FALSE) -> 187 | AH62: =VLOOKUP(A62,[1]DETALLE!$A$1:$AK$841,22,FALSE) -> 1.05 | AI62: =VLOOKUP(A62,[1]DETALLE!$A$1:$AK$841,27,FALSE) -> 0 | AJ62: =VLOOKUP(A62,[1]DETALLE!$A$1:$AK$841,18,FALSE) -> Entry Mono Printers | AK62: =IF(AE62=AF62,1,0) -> 0 | AL62: =IF(AB62=AG62,1,0) -> 0 | AM62: =IF(AC62=AH62,1,0) -> 0 | AN62: =IF(AD62=AI62,1,0) -> 1 | AO62: =IF(H62=AJ62,1,0) -> 0
A63: 0E2B656860 | B63: 2019 | C63: Qtr 2 | D63: April | E63: 1 | F63: MANTENIMIENTO PREVENTIVO | G63: 0 | H63: Entry Production Color Low/Mid | I63: 803 | J63: 1573 | K63: 0.2 | L63: 0.6 | M63: 0.8 | N63: 1.05 | O63: 1.1 | P63: 1.15 | Q63: INTERIOR | R63: 4 | S63: 6 | T63: Ciudad principal | U63: Entry Production Color Low/Mid | V63: XEROX MEXICANA SA DE CV / XEROX MEXICANA | W63: CHIHUAHUA | X63: 2019 | Y63: Qtr 2 | Z63: April | AA63: 1 | AB63: 48 | AC63: 0 | AD63: 0 | AE63: 1573 | AF63: =VLOOKUP(A63,[1]DETALLE!$A$1:$AK$841,37,FALSE) -> #N/A | AG63: =VLOOKUP(A63,[1]DETALLE!$A$1:$AK$841,16,FALSE) -> #N/A | AH63: =VLOOKUP(A63,[1]DETALLE!$A$1:$AK$841,22,FALSE) -> #N/A | AI63: =VLOOKUP(A63,[1]DETALLE!$A$1:$AK$841,27,FALSE) -> #N/A | AJ63: =VLOOKUP(A63,[1]DETALLE!$A$1:$AK$841,18,FALSE) -> #N/A | AK63: =IF(AE63=AF63,1,0) -> #N/A | AL63: =IF(AB63=AG63,1,0) -> #N/A | AM63: =IF(AC63=AH63,1,0) -> #N/A | AN63: =IF(AD63=AI63,1,0) -> #N/A | AO63: =IF(H63=AJ63,1,0) -> #N/A
... A70: 0MX1216569 | B70: 2019 | C70: Qtr 2 | D70: April | E70: 1 | F70: CORRECTIVO | G70: 1.633333 | H70: A3 Office Color Laser MFPs | I70: 655 | J70: 1365 | K70: 0 | L70: 0 | M70: 0.6 | N70: 0.8 | O70: 1.05 | P70: 1.1 | Q70: INTERIOR | R70: 5 | S70: 9 | T70: Ciudad principal | U70: A3 Office Color Laser MFPs | V70: XEROX MEXICANA SA DE CV / XEROX MEXICANA | W70: CHIHUAHUA | X70: 2019 | Y70: Qtr 2 | Z70: April | AA70: 1 | AB70: 255 | AC70: 1.1 | AD70: 0.3266666 | AE70: 1501.5 | AF70: =VLOOKUP(A70,[1]DETALLE!$A$1:$AK$841,37,FALSE) -> 1501.5 | AG70: =VLOOKUP(A70,[1]DETALLE!$A$1:$AK$841,16,FALSE) -> 71 | AH70: =VLOOKUP(A70,[1]DETALLE!$A$1:$AK$841,22,FALSE) -> 1.1 | AI70: =VLOOKUP(A70,[1]DETALLE!$A$1:$AK$841,27,FALSE) -> 0.35 | AJ70: =VLOOKUP(A70,[1]DETALLE!$A$1:$AK$841,18,FALSE) -> Departmental Digital | AK70: =IF(AE70=AF70,1,0) -> 1 | AL70: =IF(AB70=AG70,1,0) -> 0 | AM70: =IF(AC70=AH70,1,0) -> 1 | AN70: =IF(AD70=AI70,1,0) -> 0 | AO70: =IF(H70=AJ70,1,0) -> 0
A71: 0MX4465075 | B71: 2019 | C71: Qtr 2 | D71: April | E71: 1 | F71: CORRECTIVO | G71: 0.3 | I71: NA | J71: NA | K71: NA | L71: NA | M71: NA | N71: NA | O71: NA | P71: NA | R71: NA | S71: NA | U71: A3 Office Color Laser MFPs | V71: XEROX MEXICANA SA DE CV / XEROX MEXICANA | W71: GUANAJUATO | X71: 2019 | Y71: Qtr 2 | Z71: April | AA71: 2 | AB71: 0 | AC71: 1.1 | AD71: 0 | AE71: 1501.5 | AF71: =VLOOKUP(A71,[1]DETALLE!$A$1:$AK$841,37,FALSE) -> 1501.5 | AG71: =VLOOKUP(A71,[1]DETALLE!$A$1:$AK$841,16,FALSE) -> 155 | AH71: =VLOOKUP(A71,[1]DETALLE!$A$1:$AK$841,22,FALSE) -> 1.1 | AI71: =VLOOKUP(A71,[1]DETALLE!$A$1:$AK$841,27,FALSE) -> 0.338 | AJ71: =VLOOKUP(A71,[1]DETALLE!$A$1:$AK$841,18,FALSE) -> A3 Office Color Laser MFPs | AK71: =IF(AE71=AF71,1,0) -> 1 | AL71: =IF(AB71=AG71,1,0) -> 0 | AM71: =IF(AC71=AH71,1,0) -> 1 | AN71: =IF(AD71=AI71,1,0) -> 0 | AO71: =IF(H71=AJ71,1,0) -> 0
A72: 0PW4152292 | B72: 2019 | C72: Qtr 2 | D72: April | E72: 1 | F72: MANTENIMIENTO PREVENTIVO | G72: 0 | H72: WF Mono Systems and Legacy Color | I72: 803 | J72: 1573 | K72: 0.2 | L72: 0.6 | M72: 0.8 | N72: 1.05 | O72: 1.1 | P72: 1.15 | Q72: INTERIOR | R72: 4 | S72: 6 | T72: Ciudad principal | U72: WF Mono Systems and Legacy Color | V72: XEROX MEXICANA SA DE CV / XEROX MEXICANA | W72: JALISCO | X72: 2019 | Y72: Qtr 2 | Z72: April | AA72: 1 | AB72: 5 | AC72: 0 | AD72: 0 | AE72: 1573 | AF72: =VLOOKUP(A72,[1]DETALLE!$A$1:$AK$841,37,FALSE) -> 0 | AG72: =VLOOKUP(A72,[1]DETALLE!$A$1:$AK$841,16,FALSE) -> 2693 | AH72: =VLOOKUP(A72,[1]DETALLE!$A$1:$AK$841,22,FALSE) -> 1.05 | AI72: =VLOOKUP(A72,[1]DETALLE!$A$1:$AK$841,27,FALSE) -> 0.444 | AJ72: =VLOOKUP(A72,[1]DETALLE!$A$1:$AK$841,18,FALSE) -> A4 Mono MFPs | AK72: =IF(AE72=AF72,1,0) -> 0 | AL72: =IF(AB72=AG72,1,0) -> 0 | AM72: =IF(AC72=AH72,1,0) -> 0 | AN72: =IF(AD72=AI72,1,0) -> 0 | AO72: =IF(H72=AJ72,1,0) -> 0
A73: 0RXD109069 | B73: 2019 | C73: Qtr 2 | D73: April | E73: 1 | F73: MANTENIMIENTO PREVENTIVO | G73: 0 | H73: Color Laser Printers | I73: 468 | J73: 715 | K73: 0 | L73: 0 | M73: 0 | N73: 0.6 | O73: 0.8 | P73: 1.05 | Q73: INTERIOR | R73: 5 | S73: 9 | T73: Ciudad principal | U73: Departmental Digital | V73: XEROX MEXICANA SA DE CV / XEROX MEXICANA | W73: CHIHUAHUA | X73: 2019 | Y73: Qtr 2 | Z73: April | AA73: 3 | AB73: 14 | AC73: 0 | AD73: 0 | AE73: 715 | AF73: =VLOOKUP(A73,[1]DETALLE!$A$1:$AK$841,37,FALSE) -> 1527.7763 | AG73: =VLOOKUP(A73,[1]DETALLE!$A$1:$AK$841,16,FALSE) -> 16 | AH73: =VLOOKUP(A73,[1]DETALLE!$A$1:$AK$841,22,FALSE) -> 1.05 | AI73: =VLOOKUP(A73,[1]DETALLE!$A$1:$AK$841,27,FALSE) -> 1.315 | AJ73: =VLOOKUP(A73,[1]DETALLE!$A$1:$AK$841,18,FALSE) -> Light Production Digital Business | AK73: =IF(AE73=AF73,1,0) -> 0 | AL73: =IF(AB73=AG73,1,0) -> 0 | AM73: =IF(AC73=AH73,1,0) -> 0 | AN73: =IF(AD73=AI73,1,0) -> 0 | AO73: =IF(H73=AJ73,1,0) -> 0
A74: 0UHA002004 | B74: 2019 | C74: Qtr 2 | D74: April | E74: 1 | F74: CORRECTIVO | G74: 1.75 | H74: High End Cut Sheet | I74: 1116 | J74: 2145 | K74: 0.6 | L74: 0.8 | M74: 1.05 | N74: 1.1 | O74: 1.15 | P74: 1.2 | Q74: INTERIOR | R74: 3 | S74: 6 | T74: Ciudad principal | U74: High End Cut Sheet | V74: XEROX MEXICANA SA DE CV / XEROX MEXICANA | W74: JALISCO | X74: 2019 | Y74: Qtr 2 | Z74: April | AA74: 2 | AB74: 46 | AC74: 1.15 | AD74: 0.58333333 | AE74: 2466.75 | AF74: =VLOOKUP(A74,[1]DETALLE!$A$1:$AK$841,37,FALSE) -> 1651.65 | AG74: =VLOOKUP(A74,[1]DETALLE!$A$1:$AK$841,16,FALSE) -> 25 | AH74: =VLOOKUP(A74,[1]DETALLE!$A$1:$AK$841,22,FALSE) -> 1.05 | AI74: =VLOOKUP(A74,[1]DETALLE!$A$1:$AK$841,27,FALSE) -> 0.3 | AJ74: =VLOOKUP(A74,[1]DETALLE!$A$1:$AK$841,18,FALSE) -> Light Production Digital Business | AK74: =IF(AE74=AF74,1,0) -> 0 | AL74: =IF(AB74=AG74,1,0) -> 0 | AM74: =IF(AC74=AH74,1,0) -> 0 | AN74: =IF(AD74=AI74,1,0) -> 0 | AO74: =IF(H74=AJ74,1,0) -> 0
A75: 0VGW632064 | B75: 2019 | C75: Qtr 2 | D75: April | E75: 1 | F75: CORRECTIVO | G75: 0 | H75: A3 Professional Color Laser MFPs | I75: 655 | J75: 1365 | K75: 0 | L75: 0 | M75: 0.6 | N75: 0.8 | O75: 1.05 | P75: 1.1 | Q75: INTERIOR | R75: 5 | S75: 9 | T75: Ciudad principal | U75: Entry Production Color Low/Mid | V75: XEROX MEXICANA SA DE CV / XEROX MEXICANA | W75: CHIHUAHUA | X75: 2019 | Y75: Qtr 2 | Z75: April | AA75: 1 | AB75: 10 | AC75: 0.6 | AD75: 0 | AE75: 819 | AF75: =VLOOKUP(A75,[1]DETALLE!$A$1:$AK$841,37,FALSE) -> 750.75 | AG75: =VLOOKUP(A75,[1]DETALLE!$A$1:$AK$841,16,FALSE) -> 61 | AH75: =VLOOKUP(A75,[1]DETALLE!$A$1:$AK$841,22,FALSE) -> 1.05 | AI75: =VLOOKUP(A75,[1]DETALLE!$A$1:$AK$841,27,FALSE) -> 0.488 | AJ75: =VLOOKUP(A75,[1]DETALLE!$A$1:$AK$841,18,FALSE) -> Entry Mono Printers | AK75: =IF(AE75=AF75,1,0) -> 0 | AL75: =IF(AB75=AG75,1,0) -> 0 | AM75: =IF(AC75=AH75,1,0) -> 0 | AN75: =IF(AD75=AI75,1,0) -> 0 | AO75: =IF(H75=AJ75,1,0) -> 0
A76: 0X76092798 | B76: 2019 | C76: Qtr 2 | D76: April | E76: 1 | F76: CORRECTIVO | G76: 1.55 | H76: Departmental Digital | I76: 655 | J76: 1365 | K76: 0 | L76: 0 | M76: 0.6 | N76: 0.8 | O76: 1.05 | P76: 1.1 | Q76: INTERIOR | R76: 5 | S76: 9 | T76: Ciudad principal | U76: Departmental Digital | V76: XEROX MEXICANA SA DE CV / XEROX MEXICANA | W76: JALISCO | X76: 2019 | Y76: Qtr 2 | Z76: April | AA76: 1 | AB76: 264 | AC76: 1.1 | AD76: 0.31 | AE76: 1501.5 | AF76: =VLOOKUP(A76,[1]DETALLE!$A$1:$AK$841,37,FALSE) -> 750.75 | AG76: =VLOOKUP(A76,[1]DETALLE!$A$1:$AK$841,16,FALSE) -> 775 | AH76: =VLOOKUP(A76,[1]DETALLE!$A$1:$AK$841,22,FALSE) -> 1.05 | AI76: =VLOOKUP(A76,[1]DETALLE!$A$1:$AK$841,27,FALSE) -> 0.186 | AJ76: =VLOOKUP(A76,[1]DETALLE!$A$1:$AK$841,18,FALSE) -> A4 Mono MFPs | AK76: =IF(AE76=AF76,1,0) -> 0 | AL76: =IF(AB76=AG76,1,0) -> 0 | AM76: =IF(AC76=AH76,1,0) -> 0 | AN76: =IF(AD76=AI76,1,0) -> 0 | AO76: =IF(H76=AJ76,1,0) -> 0
A77: 0X76707584 | B77: 2019 | C77: Qtr 2 | D77: April | E77: 1 | F77: CORRECTIVO | G77: 0 | H77: Office Digital | I77: 655 | J77: 1365 | K77: 0 | L77: 0 | M77: 0.6 | N77: 0.8 | O77: 1.05 | P77: 1.1 | Q77: INTERIOR | R77: 5 | S77: 9 | T77: Ciudad principal | U77: Departmental Digital | V77: XEROX MEXICANA SA DE CV / XEROX MEXICANA | W77: QUERETARO | X77: 2019 | Y77: Qtr 2 | Z77: April | AA77: 3 | AB77: 5 | AC77: 0 | AD77: 0 | AE77: 0 | AF77: =VLOOKUP(A77,[1]DETALLE!$A$1:$AK$841,37,FALSE) -> 1808.95 | AG77: =VLOOKUP(A77,[1]DETALLE!$A$1:$AK$841,16,FALSE) -> 146 | AH77: =VLOOKUP(A77,[1]DETALLE!$A$1:$AK$841,22,FALSE) -> 1.15 | AI77: =VLOOKUP(A77,[1]DETALLE!$A$1:$AK$841,27,FALSE) -> 0.4125 | AJ77: =VLOOKUP(A77,[1]DETALLE!$A$1:$AK$841,18,FALSE) -> Light Production Digital Business | AK77: =IF(AE77=AF77,1,0) -> 0 | AL77: =IF(AB77=AG77,1,0) -> 0 | AM77: =IF(AC77=AH77,1,0) -> 0 | AN77: =IF(AD77=AI77,1,0) -> 0 | AO77: =IF(H77=AJ77,1,0) -> 0
A78: 0X76707945 | B78: 2019 | C78: Qtr 2 | D78: April | E78: 1 | F78: CORRECTIVO | G78: 1.183333 | H78: Office Digital | I78: 655 | J78: 1365 | K78: 0 | L78: 0 | M78: 0.6 | N78: 0.8 | O78: 1.05 | P78: 1.1 | Q78: INTERIOR | R78: 5 | S78: 9 | T78: Otras | U78: Departmental Digital | V78: XEROX MEXICANA SA DE CV / XEROX MEXICANA | W78: COAHUILA | X78: 2019 | Y78: Qtr 2 | Z78: April | AA78: 1 | AB78: 6 | AC78: 0 | AD78: 0.13148144 | AE78: 0 | AF78: =VLOOKUP(A78,[1]DETALLE!$A$1:$AK$841,37,FALSE) -> 1808.95 | AG78: =VLOOKUP(A78,[1]DETALLE!$A$1:$AK$841,16,FALSE) -> 387 | AH78: =VLOOKUP(A78,[1]DETALLE!$A$1:$AK$841,22,FALSE) -> 1.15 | AI78: =VLOOKUP(A78,[1]DETALLE!$A$1:$AK$841,27,FALSE) -> 0.6875 | AJ78: =VLOOKUP(A78,[1]DETALLE!$A$1:$AK$841,18,FALSE) -> Entry Production Color Low/Mid | AK78: =IF(AE78=AF78,1,0) -> 0 | AL78: =IF(AB78=AG78,1,0) -> 0 | AM78: =IF(AC78=AH78,1,0) -> 0 | AN78: =IF(AD78=AI78,1,0) -> 0 | AO78: =IF(H78=AJ78,1,0) -> 0
A79: 0XEH798026 | B79: 2019 | C79: Qtr 2 | D79: April | E79: 1 | F79: CORRECTIVO | G79: 0.25 | H79: Office Digital | I79: 655 | J79: 1365 | K79: 0 | L79: 0 | M79: 0.6 | N79: 0.8 | O79: 1.05 | P79: 1.1 | Q79: INTERIOR | R79: 5 | S79: 9 | T79: Ciudad principal | U79: Departmental Digital | V79: XEROX MEXICANA SA DE CV / XEROX MEXICANA | W79: CHIHUAHUA | X79: 2019 | Y79: Qtr 2 | Z79: April | AA79: 3 | AB79: 6 | AC79: 0 | AD79: 0.05 | AE79: 0 | AF79: =VLOOKUP(A79,[1]DETALLE!$A$1:$AK$841,37,FALSE) -> 1501.5 | AG79: =VLOOKUP(A79,[1]DETALLE!$A$1:$AK$841,16,FALSE) -> 64 | AH79: =VLOOKUP(A79,[1]DETALLE!$A$1:$AK$841,22,FALSE) -> 1.1 | AI79: =VLOOKUP(A79,[1]DETALLE!$A$1:$AK$841,27,FALSE) -> 0.416 | AJ79: =VLOOKUP(A79,[1]DETALLE!$A$1:$AK$841,18,FALSE) -> Departmental Digital | AK79: =IF(AE79=AF79,1,0) -> 0 | AL79: =IF(AB79=AG79,1,0) -> 0 | AM79: =IF(AC79=AH79,1,0) -> 0 | AN79: =IF(AD79=AI79,1,0) -> 0 | AO79: =IF(H79=AJ79,1,0) -> 0
A80: 0XEH805610 | B80: 2019 | C80: Qtr 2 | D80: April | E80: 1 | F80: CORRECTIVO | G80: 1.116667 | H80: Departmental Digital | I80: 655 | J80: 1365 | K80: 0 | L80: 0 | M80: 0.6 | N80: 0.8 | O80: 1.05 | P80: 1.1 | Q80: INTERIOR | R80: 5 | S80: 9 | T80: Ciudad principal | U80: Departmental Digital | V80: XEROX MEXICANA SA DE CV / XEROX MEXICANA | W80: CHIHUAHUA | X80: 2019 | Y80: Qtr 2 | Z80: April | AA80: 1 | AB80: 53 | AC80: 1.05 | AD80: 0.2233334 | AE80: 1433.25 | AF80: =VLOOKUP(A80,[1]DETALLE!$A$1:$AK$841,37,FALSE) -> 819 | AG80: =VLOOKUP(A80,[1]DETALLE!$A$1:$AK$841,16,FALSE) -> 8 | AH80: =VLOOKUP(A80,[1]DETALLE!$A$1:$AK$841,22,FALSE) -> 0.6 | AI80: =VLOOKUP(A80,[1]DETALLE!$A$1:$AK$841,27,FALSE) -> 0.15 | AJ80: =VLOOKUP(A80,[1]DETALLE!$A$1:$AK$841,18,FALSE) -> Departmental Digital | AK80: =IF(AE80=AF80,1,0) -> 0 | AL80: =IF(AB80=AG80,1,0) -> 0 | AM80: =IF(AC80=AH80,1,0) -> 0 | AN80: =IF(AD80=AI80,1,0) -> 0 | AO80: =IF(H80=AJ80,1,0) -> 1
A81: 0XFN041395 | B81: 2019 | C81: Qtr 2 | D81: April | E81: 1 | F81: CORRECTIVO | G81: 4.166667 | H81: Color Solid Ink Printers | I81: 468 | J81: 715 | K81: 0 | L81: 0 | M81: 0 | N81: 0.6 | O81: 0.8 | P81: 1.05 | Q81: INTERIOR | R81: 5 | S81: 9 | T81: Ciudad principal | U81: Color Solid Ink Printers | V81: XEROX MEXICANA SA DE CV / XEROX MEXICANA | W81: TAMAULIPAS | X81: 2019 | Y81: Qtr 2 | Z81: April | AA81: 2 | AB81: 69 | AC81: 1.05 | AD81: 0.8333334 | AE81: 750.75 | AF81: =VLOOKUP(A81,[1]DETALLE!$A$1:$AK$841,37,FALSE) -> 1501.5 | AG81: =VLOOKUP(A81,[1]DETALLE!$A$1:$AK$841,16,FALSE) -> 287 | AH81: =VLOOKUP(A81,[1]DETALLE!$A$1:$AK$841,22,FALSE) -> 1.1 | AI81: =VLOOKUP(A81,[1]DETALLE!$A$1:$AK$841,27,FALSE) -> 0 | AJ81: =VLOOKUP(A81,[1]DETALLE!$A$1:$AK$841,18,FALSE) -> Office Digital | AK81: =IF(AE81=AF81,1,0) -> 0 | AL81: =IF(AB81=AG81,1,0) -> 0 | AM81: =IF(AC81=AH81,1,0) -> 0 | AN81: =IF(AD81=AI81,1,0) -> 0 | AO81: =IF(H81=AJ81,1,0) -> 0
A82: 0XFN041542 | B82: 2019 | C82: Qtr 2 | D82: April | E82: 1 | F82: CORRECTIVO | G82: 3.966667 | H82: Color Solid Ink Printers | I82: 468 | J82: 715 | K82: 0 | L82: 0 | M82: 0 | N82: 0.6 | O82: 0.8 | P82: 1.05 | Q82: INTERIOR | R82: 5 | S82: 9 | T82: Ciudad principal | U82: Color Solid Ink Printers | V82: XEROX MEXICANA SA DE CV / XEROX MEXICANA | W82: TAMAULIPAS | X82: 2019 | Y82: Qtr 2 | Z82: April | AA82: 2 | AB82: 20 | AC82: 0.6 | AD82: 0.7933334 | AE82: 429 | AF82: =VLOOKUP(A82,[1]DETALLE!$A$1:$AK$841,37,FALSE) -> 1433.25 | AG82: =VLOOKUP(A82,[1]DETALLE!$A$1:$AK$841,16,FALSE) -> 48 | AH82: =VLOOKUP(A82,[1]DETALLE!$A$1:$AK$841,22,FALSE) -> 1.05 | AI82: =VLOOKUP(A82,[1]DETALLE!$A$1:$AK$841,27,FALSE) -> 0.26 | AJ82: =VLOOKUP(A82,[1]DETALLE!$A$1:$AK$841,18,FALSE) -> Office Digital | AK82: =IF(AE82=AF82,1,0) -> 0 | AL82: =IF(AB82=AG82,1,0) -> 0 | AM82: =IF(AC82=AH82,1,0) -> 0 | AN82: =IF(AD82=AI82,1,0) -> 0 | AO82: =IF(H82=AJ82,1,0) -> 0
A83: 0XLT280678 | B83: 2019 | C83: Qtr 2 | D83: April | E83: 1 | F83: CORRECTIVO | G83: 0 | H83: Entry Mono Printers | I83: 468 | J83: 715 | K83: 0 | L83: 0 | M83: 0 | N83: 0.6 | O83: 0.8 | P83: 1.05 | Q83: INTERIOR | R83: 5 | S83: 9 | T83: Ciudad principal | U83: Entry Mono Printers | V83: XEROX MEXICANA SA DE CV / XEROX MEXICANA | W83: CHIHUAHUA | X83: 2019 | Y83: Qtr 2 | Z83: April | AA83: 3 | AB83: 36 | AC83: 0.8 | AD83: 0 | AE83: 572 | AF83: =VLOOKUP(A83,[1]DETALLE!$A$1:$AK$841,37,FALSE) -> 0 | AG83: =VLOOKUP(A83,[1]DETALLE!$A$1:$AK$841,16,FALSE) -> 5 | AH83: =VLOOKUP(A83,[1]DETALLE!$A$1:$AK$841,22,FALSE) -> 0.6 | AI83: =VLOOKUP(A83,[1]DETALLE!$A$1:$AK$841,27,FALSE) -> 0.1575 | AJ83: =VLOOKUP(A83,[1]DETALLE!$A$1:$AK$841,18,FALSE) -> Light Production Digital Business | AK83: =IF(AE83=AF83,1,0) -> 0 | AL83: =IF(AB83=AG83,1,0) -> 0 | AM83: =IF(AC83=AH83,1,0) -> 0 | AN83: =IF(AD83=AI83,1,0) -> 0 | AO83: =IF(H83=AJ83,1,0) -> 0
... A86: 0Y4X830352 | B86: 2019 | C86: Qtr 2 | D86: April | E86: 1 | F86: CORRECTIVO | G86: 0.4833333 | H86: Departmental Digital | I86: 655 | J86: 1365 | K86: 0 | L86: 0 | M86: 0.6 | N86: 0.8 | O86: 1.05 | P86: 1.1 | Q86: INTERIOR | R86: 5 | S86: 9 | T86: Ciudad principal | U86: Light Production Digital Business | V86: XEROX MEXICANA SA DE CV / XEROX MEXICANA | W86: DURANGO | X86: 2019 | Y86: Qtr 2 | Z86: April | AA86: 2 | AB86: 32 | AC86: 1.05 | AD86: 0.09666666 | AE86: 1433.25 | AF86: =VLOOKUP(A86,[1]DETALLE!$A$1:$AK$841,37,FALSE) -> 1808.95 | AG86: =VLOOKUP(A86,[1]DETALLE!$A$1:$AK$841,16,FALSE) -> 185 | AH86: =VLOOKUP(A86,[1]DETALLE!$A$1:$AK$841,22,FALSE) -> 1.15 | AI86: =VLOOKUP(A86,[1]DETALLE!$A$1:$AK$841,27,FALSE) -> 0.5 | AJ86: =VLOOKUP(A86,[1]DETALLE!$A$1:$AK$841,18,FALSE) -> WF Mono Systems and Legacy Color | AK86: =IF(AE86=AF86,1,0) -> 0 | AL86: =IF(AB86=AG86,1,0) -> 0 | AM86: =IF(AC86=AH86,1,0) -> 0 | AN86: =IF(AD86=AI86,1,0) -> 0 | AO86: =IF(H86=AJ86,1,0) -> 0
A87: C7X376359 | B87: 2019 | C87: Qtr 2 | D87: April | E87: 1 | F87: CORRECTIVO | G87: 0.3166667 | I87: NA | J87: NA | K87: NA | L87: NA | M87: NA | N87: NA | O87: NA | P87: NA | R87: NA | S87: NA | U87: A4 Mono MFPs | V87: XEROX MEXICANA SA DE CV / XEROX MEXICANA | W87: COAHUILA | X87: 2019 | Y87: Qtr 2 | Z87: April | AA87: 4 | AB87: 75 | AC87: 1.1 | AD87: 0 | AE87: 750.75 | AF87: =VLOOKUP(A87,[1]DETALLE!$A$1:$AK$841,37,FALSE) -> #N/A | AG87: =VLOOKUP(A87,[1]DETALLE!$A$1:$AK$841,16,FALSE) -> #N/A | AH87: =VLOOKUP(A87,[1]DETALLE!$A$1:$AK$841,22,FALSE) -> #N/A | AI87: =VLOOKUP(A87,[1]DETALLE!$A$1:$AK$841,27,FALSE) -> #N/A | AJ87: =VLOOKUP(A87,[1]DETALLE!$A$1:$AK$841,18,FALSE) -> #N/A | AK87: =IF(AE87=AF87,1,0) -> #N/A | AL87: =IF(AB87=AG87,1,0) -> #N/A | AM87: =IF(AC87=AH87,1,0) -> #N/A | AN87: =IF(AD87=AI87,1,0) -> #N/A | AO87: =IF(H87=AJ87,1,0) -> #N/A
A88: 03AG879712 | B88: 2019 | C88: Qtr 2 | D88: April | E88: 2 | F88: CORRECTIVO | G88: 2.333333 | H88: Departmental Digital | I88: 655 | J88: 1365 | K88: 0 | L88: 0 | M88: 0.6 | N88: 0.8 | O88: 1.05 | P88: 1.1 | Q88: INTERIOR | R88: 5 | S88: 9 | T88: Ciudad principal | U88: Light Production Digital Business | V88: XEROX MEXICANA SA DE CV / XEROX MEXICANA | W88: JALISCO | X88: 2019 | Y88: Qtr 2 | Z88: April | AA88: 2 | AB88: 1 | AC88: 0 | AD88: 0.4666666 | AE88: 0 | AF88: =VLOOKUP(A88,[1]DETALLE!$A$1:$AK$841,37,FALSE) -> 1651.65 | AG88: =VLOOKUP(A88,[1]DETALLE!$A$1:$AK$841,16,FALSE) -> 20 | AH88: =VLOOKUP(A88,[1]DETALLE!$A$1:$AK$841,22,FALSE) -> 1.05 | AI88: =VLOOKUP(A88,[1]DETALLE!$A$1:$AK$841,27,FALSE) -> 0.0075 | AJ88: =VLOOKUP(A88,[1]DETALLE!$A$1:$AK$841,18,FALSE) -> Light Production Digital Business | AK88: =IF(AE88=AF88,1,0) -> 0 | AL88: =IF(AB88=AG88,1,0) -> 0 | AM88: =IF(AC88=AH88,1,0) -> 0 | AN88: =IF(AD88=AI88,1,0) -> 0 | AO88: =IF(H88=AJ88,1,0) -> 0
A89: 03AG880318 | B89: 2019 | C89: Qtr 2 | D89: April | E89: 2 | F89: CORRECTIVO | G89: 0.3 | H89: Departmental Digital | I89: 655 | J89: 1365 | K89: 0 | L89: 0 | M89: 0.6 | N89: 0.8 | O89: 1.05 | P89: 1.1 | Q89: INTERIOR | R89: 5 | S89: 9 | T89: Ciudad principal | U89: Light Production Digital Business | V89: XEROX MEXICANA SA DE CV / XEROX MEXICANA | W89: NUEVO LEON | X89: 2019 | Y89: Qtr 2 | Z89: April | AA89: 2 | AB89: 21 | AC89: 0.8 | AD89: 0.06 | AE89: 1092 | AF89: =VLOOKUP(A89,[1]DETALLE!$A$1:$AK$841,37,FALSE) -> 0 | AG89: =VLOOKUP(A89,[1]DETALLE!$A$1:$AK$841,16,FALSE) -> 22 | AH89: =VLOOKUP(A89,[1]DETALLE!$A$1:$AK$841,22,FALSE) -> 0.6 | AI89: =VLOOKUP(A89,[1]DETALLE!$A$1:$AK$841,27,FALSE) -> 0.31 | AJ89: =VLOOKUP(A89,[1]DETALLE!$A$1:$AK$841,18,FALSE) -> A4 Mono MFPs | AK89: =IF(AE89=AF89,1,0) -> 0 | AL89: =IF(AB89=AG89,1,0) -> 0 | AM89: =IF(AC89=AH89,1,0) -> 0 | AN89: =IF(AD89=AI89,1,0) -> 0 | AO89: =IF(H89=AJ89,1,0) -> 0
A90: 03AG880355 | B90: 2019 | C90: Qtr 2 | D90: April | E90: 2 | F90: CORRECTIVO | G90: 0.6 | H90: Departmental Digital | I90: 655 | J90: 1365 | K90: 0 | L90: 0 | M90: 0.6 | N90: 0.8 | O90: 1.05 | P90: 1.1 | Q90: INTERIOR | R90: 5 | S90: 9 | T90: Ciudad principal | U90: Light Production Digital Business | V90: XEROX MEXICANA SA DE CV / XEROX MEXICANA | W90: JALISCO | X90: 2019 | Y90: Qtr 2 | Z90: April | AA90: 3 | AB90: 6 | AC90: 0 | AD90: 0.12 | AE90: 0 | AF90: =VLOOKUP(A90,[1]DETALLE!$A$1:$AK$841,37,FALSE) -> 750.75 | AG90: =VLOOKUP(A90,[1]DETALLE!$A$1:$AK$841,16,FALSE) -> 210 | AH90: =VLOOKUP(A90,[1]DETALLE!$A$1:$AK$841,22,FALSE) -> 1.05 | AI90: =VLOOKUP(A90,[1]DETALLE!$A$1:$AK$841,27,FALSE) -> 0 | AJ90: =VLOOKUP(A90,[1]DETALLE!$A$1:$AK$841,18,FALSE) -> A4 Mono MFPs | AK90: =IF(AE90=AF90,1,0) -> 0 | AL90: =IF(AB90=AG90,1,0) -> 0 | AM90: =IF(AC90=AH90,1,0) -> 0 | AN90: =IF(AD90=AI90,1,0) -> 0 | AO90: =IF(H90=AJ90,1,0) -> 0
A91: 09HB335110 | B91: 2019 | C91: Qtr 2 | D91: April | E91: 2 | F91: CORRECTIVO | G91: 2.533333 | H91: A4 Mono MFPs | I91: 468 | J91: 715 | K91: 0 | L91: 0 | M91: 0 | N91: 0.6 | O91: 0.8 | P91: 1.05 | Q91: INTERIOR | R91: 5 | S91: 9 | T91: Ciudad principal | U91: A4 Mono MFPs | V91: XEROX MEXICANA SA DE CV / XEROX MEXICANA | W91: CHIHUAHUA | X91: 2019 | Y91: Qtr 2 | Z91: April | AA91: 2 | AB91: 48 | AC91: 0.8 | AD91: 0.5066666 | AE91: 572 | AF91: =VLOOKUP(A91,[1]DETALLE!$A$1:$AK$841,37,FALSE) -> 1808.95 | AG91: =VLOOKUP(A91,[1]DETALLE!$A$1:$AK$841,16,FALSE) -> 117 | AH91: =VLOOKUP(A91,[1]DETALLE!$A$1:$AK$841,22,FALSE) -> 1.15 | AI91: =VLOOKUP(A91,[1]DETALLE!$A$1:$AK$841,27,FALSE) -> 0.28 | AJ91: =VLOOKUP(A91,[1]DETALLE!$A$1:$AK$841,18,FALSE) -> Entry Production Color Low/Mid | AK91: =IF(AE91=AF91,1,0) -> 0 | AL91: =IF(AB91=AG91,1,0) -> 0 | AM91: =IF(AC91=AH91,1,0) -> 0 | AN91: =IF(AD91=AI91,1,0) -> 0 | AO91: =IF(H91=AJ91,1,0) -> 0
A92: 0A1H020656 | B92: 2019 | C92: Qtr 2 | D92: April | E92: 2 | F92: CORRECTIVO | G92: 3 | H92: WF Mono Systems and Legacy Color | I92: 803 | J92: 1573 | K92: 0.2 | L92: 0.6 | M92: 0.8 | N92: 1.05 | O92: 1.1 | P92: 1.15 | Q92: INTERIOR | R92: 4 | S92: 6 | T92: Ciudad principal | U92: WF Mono Systems and Legacy Color | V92: XEROX MEXICANA SA DE CV / XEROX MEXICANA | W92: JALISCO | X92: 2019 | Y92: Qtr 2 | Z92: April | AA92: 8 | AB92: 26 | AC92: 1.05 | AD92: 0.75 | AE92: 1651.65 | AF92: =VLOOKUP(A92,[1]DETALLE!$A$1:$AK$841,37,FALSE) -> 750.75 | AG92: =VLOOKUP(A92,[1]DETALLE!$A$1:$AK$841,16,FALSE) -> 384 | AH92: =VLOOKUP(A92,[1]DETALLE!$A$1:$AK$841,22,FALSE) -> 1.05 | AI92: =VLOOKUP(A92,[1]DETALLE!$A$1:$AK$841,27,FALSE) -> 0.05 | AJ92: =VLOOKUP(A92,[1]DETALLE!$A$1:$AK$841,18,FALSE) -> Entry Mono Printers | AK92: =IF(AE92=AF92,1,0) -> 0 | AL92: =IF(AB92=AG92,1,0) -> 0 | AM92: =IF(AC92=AH92,1,0) -> 1 | AN92: =IF(AD92=AI92,1,0) -> 0 | AO92: =IF(H92=AJ92,1,0) -> 0
A93: 0A2T380265 | B93: 2019 | C93: Qtr 2 | D93: April | E93: 2 | F93: CORRECTIVO | G93: 2.65 | H93: A4 Mono MFPs | I93: 468 | J93: 715 | K93: 0 | L93: 0 | M93: 0 | N93: 0.6 | O93: 0.8 | P93: 1.05 | Q93: INTERIOR | R93: 5 | S93: 9 | T93: Ciudad principal | U93: A4 Mono MFPs | V93: XEROX MEXICANA SA DE CV / XEROX MEXICANA | W93: JALISCO | X93: 2019 | Y93: Qtr 2 | Z93: April | AA93: 4 | AB93: 119 | AC93: 1.05 | AD93: 0.53 | AE93: 750.75 | AF93: =VLOOKUP(A93,[1]DETALLE!$A$1:$AK$841,37,FALSE) -> 2047.5 | AG93: =VLOOKUP(A93,[1]DETALLE!$A$1:$AK$841,16,FALSE) | AH93: =VLOOKUP(A93,[1]DETALLE!$A$1:$AK$841,22,FALSE) -> 1 | AI93: =VLOOKUP(A93,[1]DETALLE!$A$1:$AK$841,27,FALSE) -> 1 | AJ93: =VLOOKUP(A93,[1]DETALLE!$A$1:$AK$841,18,FALSE) -> Office Digital | AK93: =IF(AE93=AF93,1,0) -> 0 | AL93: =IF(AB93=AG93,1,0) -> 0 | AM93: =IF(AC93=AH93,1,0) -> 0 | AN93: =IF(AD93=AI93,1,0) -> 0 | AO93: =IF(H93=AJ93,1,0) -> 0
A94: 0AE9560627 | B94: 2019 | C94: Qtr 2 | D94: April | E94: 2 | F94: CORRECTIVO | G94: 2.483333 | H94: Office Digital | I94: 655 | J94: 1365 | K94: 0 | L94: 0 | M94: 0.6 | N94: 0.8 | O94: 1.05 | P94: 1.1 | Q94: INTERIOR | R94: 5 | S94: 9 | T94: Ciudad principal | U94: Departmental Digital | V94: XEROX MEXICANA SA DE CV / XEROX MEXICANA | W94: CHIHUAHUA | X94: 2019 | Y94: Qtr 2 | Z94: April | AA94: 2 | AB94: 253 | AC94: 1.1 | AD94: 0.4966666 | AE94: 1501.5 | AF94: =VLOOKUP(A94,[1]DETALLE!$A$1:$AK$841,37,FALSE) -> 819 | AG94: =VLOOKUP(A94,[1]DETALLE!$A$1:$AK$841,16,FALSE) -> 12 | AH94: =VLOOKUP(A94,[1]DETALLE!$A$1:$AK$841,22,FALSE) -> 0.6 | AI94: =VLOOKUP(A94,[1]DETALLE!$A$1:$AK$841,27,FALSE) -> 0.28 | AJ94: =VLOOKUP(A94,[1]DETALLE!$A$1:$AK$841,18,FALSE) -> Departmental Digital | AK94: =IF(AE94=AF94,1,0) -> 0 | AL94: =IF(AB94=AG94,1,0) -> 0 | AM94: =IF(AC94=AH94,1,0) -> 0 | AN94: =IF(AD94=AI94,1,0) -> 0 | AO94: =IF(H94=AJ94,1,0) -> 0
A95: 0B2R091016 | B95: 2019 | C95: Qtr 2 | D95: April | E95: 2 | F95: CORRECTIVO | G95: 0.6166667 | H95: Entry Production Color Low/Mid | I95: 803 | J95: 1573 | K95: 0.2 | L95: 0.6 | M95: 0.8 | N95: 1.05 | O95: 1.1 | P95: 1.15 | Q95: INTERIOR | R95: 4 | S95: 6 | T95: Ciudad principal | U95: High End Cut Sheet | V95: XEROX MEXICANA SA DE CV / XEROX MEXICANA | W95: NUEVO LEON | X95: 2019 | Y95: Qtr 2 | Z95: April | AA95: 3 | AB95: 112 | AC95: 1.15 | AD95: 0.15416668 | AE95: 1808.95 | AF95: =VLOOKUP(A95,[1]DETALLE!$A$1:$AK$841,37,FALSE) -> 750.75 | AG95: =VLOOKUP(A95,[1]DETALLE!$A$1:$AK$841,16,FALSE) -> 2678 | AH95: =VLOOKUP(A95,[1]DETALLE!$A$1:$AK$841,22,FALSE) -> 1.05 | AI95: =VLOOKUP(A95,[1]DETALLE!$A$1:$AK$841,27,FALSE) -> 0.67 | AJ95: =VLOOKUP(A95,[1]DETALLE!$A$1:$AK$841,18,FALSE) -> A4 Mono MFPs | AK95: =IF(AE95=AF95,1,0) -> 0 | AL95: =IF(AB95=AG95,1,0) -> 0 | AM95: =IF(AC95=AH95,1,0) -> 0 | AN95: =IF(AD95=AI95,1,0) -> 0 | AO95: =IF(H95=AJ95,1,0) -> 0
A96: 0BB1250884 | B96: 2019 | C96: Qtr 2 | D96: April | E96: 2 | F96: CORRECTIVO | G96: 0.5166667 | H96: A4 Mono MFPs | I96: 468 | J96: 715 | K96: 0 | L96: 0 | M96: 0 | N96: 0.6 | O96: 0.8 | P96: 1.05 | Q96: INTERIOR | R96: 5 | S96: 9 | T96: Otras | U96: A4 Mono MFPs | V96: XEROX MEXICANA SA DE CV / XEROX MEXICANA | W96: MICHOACAN | X96: 2019 | Y96: Qtr 2 | Z96: April | AA96: 9 | AB96: 370 | AC96: 1.05 | AD96: 0.057407411 | AE96: 750.75 | AF96: =VLOOKUP(A96,[1]DETALLE!$A$1:$AK$841,37,FALSE) -> 0 | AG96: =VLOOKUP(A96,[1]DETALLE!$A$1:$AK$841,16,FALSE) -> 195 | AH96: =VLOOKUP(A96,[1]DETALLE!$A$1:$AK$841,22,FALSE) -> 1.05 | AI96: =VLOOKUP(A96,[1]DETALLE!$A$1:$AK$841,27,FALSE) -> 0.506 | AJ96: =VLOOKUP(A96,[1]DETALLE!$A$1:$AK$841,18,FALSE) -> A4 Mono MFPs | AK96: =IF(AE96=AF96,1,0) -> 0 | AL96: =IF(AB96=AG96,1,0) -> 0 | AM96: =IF(AC96=AH96,1,0) -> 1 | AN96: =IF(AD96=AI96,1,0) -> 0 | AO96: =IF(H96=AJ96,1,0) -> 1
A97: 0BG0962083 | B97: 2019 | C97: Qtr 2 | D97: April | E97: 2 | F97: CORRECTIVO | G97: 0.55 | H97: Light Production Digital Business | I97: 803 | J97: 1573 | K97: 0.2 | L97: 0.6 | M97: 0.8 | N97: 1.05 | O97: 1.1 | P97: 1.15 | Q97: INTERIOR | R97: 4 | S97: 6 | T97: Ciudad principal | U97: High End Cut Sheet | V97: XEROX MEXICANA SA DE CV / XEROX MEXICANA | W97: NUEVO LEON | X97: 2019 | Y97: Qtr 2 | Z97: April | AA97: 5 | AB97: 11 | AC97: 0.8 | AD97: 0.1375 | AE97: 1258.4 | AF97: =VLOOKUP(A97,[1]DETALLE!$A$1:$AK$841,37,FALSE) -> 429 | AG97: =VLOOKUP(A97,[1]DETALLE!$A$1:$AK$841,16,FALSE) -> 22 | AH97: =VLOOKUP(A97,[1]DETALLE!$A$1:$AK$841,22,FALSE) -> 0.6 | AI97: =VLOOKUP(A97,[1]DETALLE!$A$1:$AK$841,27,FALSE) -> 0.606 | AJ97: =VLOOKUP(A97,[1]DETALLE!$A$1:$AK$841,18,FALSE) -> A4 Mono MFPs | AK97: =IF(AE97=AF97,1,0) -> 0 | AL97: =IF(AB97=AG97,1,0) -> 0 | AM97: =IF(AC97=AH97,1,0) -> 0 | AN97: =IF(AD97=AI97,1,0) -> 0 | AO97: =IF(H97=AJ97,1,0) -> 0
A98: 0BG2939611 | B98: 2019 | C98: Qtr 2 | D98: April | E98: 2 | F98: MANTENIMIENTO PREVENTIVO | G98: 0 | H98: Light Production Digital Business | I98: 803 | J98: 1573 | K98: 0.2 | L98: 0.6 | M98: 0.8 | N98: 1.05 | O98: 1.1 | P98: 1.15 | Q98: INTERIOR | R98: 4 | S98: 6 | T98: Ciudad principal | U98: High End Cut Sheet | V98: XEROX MEXICANA SA DE CV / XEROX MEXICANA | W98: TAMAULIPAS | X98: 2019 | Y98: Qtr 2 | Z98: April | AA98: 2 | AB98: 4 | AC98: 0 | AD98: 0 | AE98: 1573 | AF98: =VLOOKUP(A98,[1]DETALLE!$A$1:$AK$841,37,FALSE) -> #N/A | AG98: =VLOOKUP(A98,[1]DETALLE!$A$1:$AK$841,16,FALSE) -> #N/A | AH98: =VLOOKUP(A98,[1]DETALLE!$A$1:$AK$841,22,FALSE) -> #N/A | AI98: =VLOOKUP(A98,[1]DETALLE!$A$1:$AK$841,27,FALSE) -> #N/A | AJ98: =VLOOKUP(A98,[1]DETALLE!$A$1:$AK$841,18,FALSE) -> #N/A | AK98: =IF(AE98=AF98,1,0) -> #N/A | AL98: =IF(AB98=AG98,1,0) -> #N/A | AM98: =IF(AC98=AH98,1,0) -> #N/A | AN98: =IF(AD98=AI98,1,0) -> #N/A | AO98: =IF(H98=AJ98,1,0) -> #N/A
A99: 0BG2941140 | B99: 2019 | C99: Qtr 2 | D99: April | E99: 2 | F99: CORRECTIVO | G99: 0.3666667 | H99: Light Production Digital Business | I99: 803 | J99: 1573 | K99: 0.2 | L99: 0.6 | M99: 0.8 | N99: 1.05 | O99: 1.1 | P99: 1.15 | Q99: INTERIOR | R99: 4 | S99: 6 | T99: Ciudad principal | U99: High End Cut Sheet | V99: XEROX MEXICANA SA DE CV / XEROX MEXICANA | W99: GUANAJUATO | X99: 2019 | Y99: Qtr 2 | Z99: April | AA99: 2 | AB99: 21 | AC99: 1.05 | AD99: 0.091666675 | AE99: 1651.65 | AF99: =VLOOKUP(A99,[1]DETALLE!$A$1:$AK$841,37,FALSE) -> 0 | AG99: =VLOOKUP(A99,[1]DETALLE!$A$1:$AK$841,16,FALSE) -> 279 | AH99: =VLOOKUP(A99,[1]DETALLE!$A$1:$AK$841,22,FALSE) -> 1.05 | AI99: =VLOOKUP(A99,[1]DETALLE!$A$1:$AK$841,27,FALSE) -> 0.116 | AJ99: =VLOOKUP(A99,[1]DETALLE!$A$1:$AK$841,18,FALSE) -> A4 Mono MFPs | AK99: =IF(AE99=AF99,1,0) -> 0 | AL99: =IF(AB99=AG99,1,0) -> 0 | AM99: =IF(AC99=AH99,1,0) -> 1 | AN99: =IF(AD99=AI99,1,0) -> 0 | AO99: =IF(H99=AJ99,1,0) -> 0
... A134: 07CX043832 | B134: 2019 | C134: Qtr 2 | D134: April | E134: 3 | F134: CORRECTIVO | G134: 0.3333333 | H134: Office Digital | I134: 655 | J134: 1365 | K134: 0 | L134: 0 | M134: 0.6 | N134: 0.8 | O134: 1.05 | P134: 1.1 | Q134: INTERIOR | R134: 5 | S134: 9 | T134: Ciudad principal | U134: Departmental Digital | V134: XEROX MEXICANA SA DE CV / XEROX MEXICANA | W134: JALISCO | X134: 2019 | Y134: Qtr 2 | Z134: April | AA134: 4 | AB134: 103 | AC134: 1.1 | AD134: 0.06666666 | AE134: 1501.5 | AF134: =VLOOKUP(A134,[1]DETALLE!$A$1:$AK$841,37,FALSE) -> 750.75 | AG134: =VLOOKUP(A134,[1]DETALLE!$A$1:$AK$841,16,FALSE) -> 2673 | AH134: =VLOOKUP(A134,[1]DETALLE!$A$1:$AK$841,22,FALSE) -> 1.05 | AI134: =VLOOKUP(A134,[1]DETALLE!$A$1:$AK$841,27,FALSE) -> 0.692 | AJ134: =VLOOKUP(A134,[1]DETALLE!$A$1:$AK$841,18,FALSE) -> A4 Mono MFPs | AK134: =IF(AE134=AF134,1,0) -> 0 | AL134: =IF(AB134=AG134,1,0) -> 0 | AM134: =IF(AC134=AH134,1,0) -> 0 | AN134: =IF(AD134=AI134,1,0) -> 0 | AO134: =IF(H134=AJ134,1,0) -> 0
A135: 08TB608554 | B135: 2019 | C135: Qtr 2 | D135: April | E135: 3 | F135: CORRECTIVO | G135: 0.95 | I135: NA | J135: NA | K135: NA | L135: NA | M135: NA | N135: NA | O135: NA | P135: NA | R135: NA | S135: NA | U135: A3 Office Color Laser MFPs | V135: XEROX MEXICANA SA DE CV / XEROX MEXICANA | W135: NUEVO LEON | X135: 2019 | Y135: Qtr 2 | Z135: April | AA135: 5 | AB135: 43 | AC135: 1.1 | AD135: 0 | AE135: 1433.25 | AF135: =VLOOKUP(A135,[1]DETALLE!$A$1:$AK$841,37,FALSE) -> 1072.5 | AG135: =VLOOKUP(A135,[1]DETALLE!$A$1:$AK$841,16,FALSE) | AH135: =VLOOKUP(A135,[1]DETALLE!$A$1:$AK$841,22,FALSE) -> 1 | AI135: =VLOOKUP(A135,[1]DETALLE!$A$1:$AK$841,27,FALSE) -> 1 | AJ135: =VLOOKUP(A135,[1]DETALLE!$A$1:$AK$841,18,FALSE) -> A4 Mono MFPs | AK135: =IF(AE135=AF135,1,0) -> 0 | AL135: =IF(AB135=AG135,1,0) -> 0 | AM135: =IF(AC135=AH135,1,0) -> 0 | AN135: =IF(AD135=AI135,1,0) -> 0 | AO135: =IF(H135=AJ135,1,0) -> 0
A136: 09HB321394 | B136: 2019 | C136: Qtr 2 | D136: April | E136: 3 | F136: CORRECTIVO | G136: 8.133333 | H136: A4 Mono MFPs | I136: 468 | J136: 715 | K136: 0 | L136: 0 | M136: 0 | N136: 0.6 | O136: 0.8 | P136: 1.05 | Q136: INTERIOR | R136: 5 | S136: 9 | T136: Otras | U136: A4 Mono MFPs | V136: XEROX MEXICANA SA DE CV / XEROX MEXICANA | W136: CHIHUAHUA | X136: 2019 | Y136: Qtr 2 | Z136: April | AA136: 4 | AB136: 317 | AC136: 1.05 | AD136: 0.90370367 | AE136: 750.75 | AF136: =VLOOKUP(A136,[1]DETALLE!$A$1:$AK$841,37,FALSE) -> 1258.4 | AG136: =VLOOKUP(A136,[1]DETALLE!$A$1:$AK$841,16,FALSE) -> 14 | AH136: =VLOOKUP(A136,[1]DETALLE!$A$1:$AK$841,22,FALSE) -> 0.8 | AI136: =VLOOKUP(A136,[1]DETALLE!$A$1:$AK$841,27,FALSE) -> 0.83 | AJ136: =VLOOKUP(A136,[1]DETALLE!$A$1:$AK$841,18,FALSE) -> Light Production Digital Business | AK136: =IF(AE136=AF136,1,0) -> 0 | AL136: =IF(AB136=AG136,1,0) -> 0 | AM136: =IF(AC136=AH136,1,0) -> 0 | AN136: =IF(AD136=AI136,1,0) -> 0 | AO136: =IF(H136=AJ136,1,0) -> 0
A137: 0A4T554283 | B137: 2019 | C137: Qtr 2 | D137: April | E137: 3 | F137: MANTENIMIENTO PREVENTIVO | G137: 0 | H137: Entry Mono Printers | I137: 468 | J137: 715 | K137: 0 | L137: 0 | M137: 0 | N137: 0.6 | O137: 0.8 | P137: 1.05 | Q137: INTERIOR | R137: 5 | S137: 9 | T137: Ciudad principal | U137: A4 Mono MFPs | V137: XEROX MEXICANA SA DE CV / XEROX MEXICANA | W137: CHIHUAHUA | X137: 2019 | Y137: Qtr 2 | Z137: April | AA137: 4 | AB137: 9 | AC137: 0 | AD137: 0 | AE137: 715 | AF137: =VLOOKUP(A137,[1]DETALLE!$A$1:$AK$841,37,FALSE) -> #N/A | AG137: =VLOOKUP(A137,[1]DETALLE!$A$1:$AK$841,16,FALSE) -> #N/A | AH137: =VLOOKUP(A137,[1]DETALLE!$A$1:$AK$841,22,FALSE) -> #N/A | AI137: =VLOOKUP(A137,[1]DETALLE!$A$1:$AK$841,27,FALSE) -> #N/A | AJ137: =VLOOKUP(A137,[1]DETALLE!$A$1:$AK$841,18,FALSE) -> #N/A | AK137: =IF(AE137=AF137,1,0) -> #N/A | AL137: =IF(AB137=AG137,1,0) -> #N/A | AM137: =IF(AC137=AH137,1,0) -> #N/A | AN137: =IF(AD137=AI137,1,0) -> #N/A | AO137: =IF(H137=AJ137,1,0) -> #N/A
A138: 0A4T554401 | B138: 2019 | C138: Qtr 2 | D138: April | E138: 3 | F138: CORRECTIVO | G138: 1.166667 | H138: Entry Mono Printers | I138: 468 | J138: 715 | K138: 0 | L138: 0 | M138: 0 | N138: 0.6 | O138: 0.8 | P138: 1.05 | Q138: INTERIOR | R138: 5 | S138: 9 | T138: Ciudad principal | U138: A4 Mono MFPs | V138: XEROX MEXICANA SA DE CV / XEROX MEXICANA | W138: CHIHUAHUA | X138: 2019 | Y138: Qtr 2 | Z138: April | AA138: 4 | AB138: 146 | AC138: 1.05 | AD138: 0.2333334 | AE138: 750.75 | AF138: =VLOOKUP(A138,[1]DETALLE!$A$1:$AK$841,37,FALSE) -> 715 | AG138: =VLOOKUP(A138,[1]DETALLE!$A$1:$AK$841,16,FALSE) | AH138: =VLOOKUP(A138,[1]DETALLE!$A$1:$AK$841,22,FALSE) -> 1 | AI138: =VLOOKUP(A138,[1]DETALLE!$A$1:$AK$841,27,FALSE) -> 1 | AJ138: =VLOOKUP(A138,[1]DETALLE!$A$1:$AK$841,18,FALSE) -> A4 Mono MFPs | AK138: =IF(AE138=AF138,1,0) -> 0 | AL138: =IF(AB138=AG138,1,0) -> 0 | AM138: =IF(AC138=AH138,1,0) -> 0 | AN138: =IF(AD138=AI138,1,0) -> 0 | AO138: =IF(H138=AJ138,1,0) -> 0
A139: 0A4T558105 | B139: 2019 | C139: Qtr 2 | D139: April | E139: 3 | F139: CORRECTIVO | G139: 1.633333 | H139: Entry Mono Printers | I139: 468 | J139: 715 | K139: 0 | L139: 0 | M139: 0 | N139: 0.6 | O139: 0.8 | P139: 1.05 | Q139: INTERIOR | R139: 5 | S139: 9 | T139: Ciudad principal | U139: A4 Mono MFPs | V139: XEROX MEXICANA SA DE CV / XEROX MEXICANA | W139: GUANAJUATO | X139: 2019 | Y139: Qtr 2 | Z139: April | AA139: 5 | AB139: 363 | AC139: 1.05 | AD139: 0.3266666 | AE139: 750.75 | AF139: =VLOOKUP(A139,[1]DETALLE!$A$1:$AK$841,37,FALSE) -> 750.75 | AG139: =VLOOKUP(A139,[1]DETALLE!$A$1:$AK$841,16,FALSE) -> 119 | AH139: =VLOOKUP(A139,[1]DETALLE!$A$1:$AK$841,22,FALSE) -> 1.05 | AI139: =VLOOKUP(A139,[1]DETALLE!$A$1:$AK$841,27,FALSE) -> 0.76 | AJ139: =VLOOKUP(A139,[1]DETALLE!$A$1:$AK$841,18,FALSE) -> A4 Mono MFPs | AK139: =IF(AE139=AF139,1,0) -> 1 | AL139: =IF(AB139=AG139,1,0) -> 0 | AM139: =IF(AC139=AH139,1,0) -> 1 | AN139: =IF(AD139=AI139,1,0) -> 0 | AO139: =IF(H139=AJ139,1,0) -> 0
A140: 0BB1564141 | B140: 2019 | C140: Qtr 2 | D140: April | E140: 3 | F140: CORRECTIVO | G140: 2.75 | H140: A4 Mono MFPs | I140: 468 | J140: 715 | K140: 0 | L140: 0 | M140: 0 | N140: 0.6 | O140: 0.8 | P140: 1.05 | Q140: INTERIOR | R140: 5 | S140: 9 | T140: Ciudad principal | U140: A4 Mono MFPs | V140: XEROX MEXICANA SA DE CV / XEROX MEXICANA | W140: JALISCO | X140: 2019 | Y140: Qtr 2 | Z140: April | AA140: 3 | AB140: 106 | AC140: 1.05 | AD140: 0.55 | AE140: 750.75 | AF140: =VLOOKUP(A140,[1]DETALLE!$A$1:$AK$841,37,FALSE) -> 750.75 | AG140: =VLOOKUP(A140,[1]DETALLE!$A$1:$AK$841,16,FALSE) -> 318 | AH140: =VLOOKUP(A140,[1]DETALLE!$A$1:$AK$841,22,FALSE) -> 1.05 | AI140: =VLOOKUP(A140,[1]DETALLE!$A$1:$AK$841,27,FALSE) -> 0.35 | AJ140: =VLOOKUP(A140,[1]DETALLE!$A$1:$AK$841,18,FALSE) -> A4 Mono MFPs | AK140: =IF(AE140=AF140,1,0) -> 1 | AL140: =IF(AB140=AG140,1,0) -> 0 | AM140: =IF(AC140=AH140,1,0) -> 1 | AN140: =IF(AD140=AI140,1,0) -> 0 | AO140: =IF(H140=AJ140,1,0) -> 1
A141: 0BG0964513 | B141: 2019 | C141: Qtr 2 | D141: April | E141: 3 | F141: CORRECTIVO | G141: 0.8833333 | H141: Light Production Digital Business | I141: 803 | J141: 1573 | K141: 0.2 | L141: 0.6 | M141: 0.8 | N141: 1.05 | O141: 1.1 | P141: 1.15 | Q141: INTERIOR | R141: 4 | S141: 6 | T141: Ciudad principal | U141: High End Cut Sheet | V141: XEROX MEXICANA SA DE CV / XEROX MEXICANA | W141: ESTADO DE MEXICO | X141: 2019 | Y141: Qtr 2 | Z141: April | AA141: 5 | AB141: 26 | AC141: 1.05 | AD141: 0.22083332 | AE141: 1651.65 | AF141: =VLOOKUP(A141,[1]DETALLE!$A$1:$AK$841,37,FALSE) -> 0 | AG141: =VLOOKUP(A141,[1]DETALLE!$A$1:$AK$841,16,FALSE) -> 12 | AH141: =VLOOKUP(A141,[1]DETALLE!$A$1:$AK$841,22,FALSE) -> 0 | AI141: =VLOOKUP(A141,[1]DETALLE!$A$1:$AK$841,27,FALSE) -> 0.084 | AJ141: =VLOOKUP(A141,[1]DETALLE!$A$1:$AK$841,18,FALSE) -> A4 Mono MFPs | AK141: =IF(AE141=AF141,1,0) -> 0 | AL141: =IF(AB141=AG141,1,0) -> 0 | AM141: =IF(AC141=AH141,1,0) -> 0 | AN141: =IF(AD141=AI141,1,0) -> 0 | AO141: =IF(H141=AJ141,1,0) -> 0
A142: 0BG2951632 | B142: 2019 | C142: Qtr 2 | D142: April | E142: 3 | F142: CORRECTIVO | G142: 0.3833333 | H142: Light Production Digital Business | I142: 803 | J142: 1573 | K142: 0.2 | L142: 0.6 | M142: 0.8 | N142: 1.05 | O142: 1.1 | P142: 1.15 | Q142: INTERIOR | R142: 4 | S142: 6 | T142: Ciudad principal | U142: High End Cut Sheet | V142: XEROX MEXICANA SA DE CV / XEROX MEXICANA | W142: NUEVO LEON | X142: 2019 | Y142: Qtr 2 | Z142: April | AA142: 3 | AB142: 26 | AC142: 1.05 | AD142: 0.095833325 | AE142: 1651.65 | AF142: =VLOOKUP(A142,[1]DETALLE!$A$1:$AK$841,37,FALSE) -> 0 | AG142: =VLOOKUP(A142,[1]DETALLE!$A$1:$AK$841,16,FALSE) -> 6 | AH142: =VLOOKUP(A142,[1]DETALLE!$A$1:$AK$841,22,FALSE) -> 0 | AI142: =VLOOKUP(A142,[1]DETALLE!$A$1:$AK$841,27,FALSE) -> 0.74 | AJ142: =VLOOKUP(A142,[1]DETALLE!$A$1:$AK$841,18,FALSE) -> Departmental Digital | AK142: =IF(AE142=AF142,1,0) -> 0 | AL142: =IF(AB142=AG142,1,0) -> 0 | AM142: =IF(AC142=AH142,1,0) -> 0 | AN142: =IF(AD142=AI142,1,0) -> 0 | AO142: =IF(H142=AJ142,1,0) -> 0
A143: 0BG2951668 | B143: 2019 | C143: Qtr 2 | D143: April | E143: 3 | F143: CORRECTIVO | G143: 1.033333 | H143: Light Production Digital Business | I143: 803 | J143: 1573 | K143: 0.2 | L143: 0.6 | M143: 0.8 | N143: 1.05 | O143: 1.1 | P143: 1.15 | Q143: INTERIOR | R143: 4 | S143: 6 | T143: Ciudad principal | U143: High End Cut Sheet | V143: XEROX MEXICANA SA DE CV / XEROX MEXICANA | W143: NUEVO LEON | X143: 2019 | Y143: Qtr 2 | Z143: April | AA143: 5 | AB143: 23 | AC143: 1.05 | AD143: 0.25833325 | AE143: 1651.65 | AF143: =VLOOKUP(A143,[1]DETALLE!$A$1:$AK$841,37,FALSE) -> 1651.65 | AG143: =VLOOKUP(A143,[1]DETALLE!$A$1:$AK$841,16,FALSE) -> 18 | AH143: =VLOOKUP(A143,[1]DETALLE!$A$1:$AK$841,22,FALSE) -> 1.05 | AI143: =VLOOKUP(A143,[1]DETALLE!$A$1:$AK$841,27,FALSE) -> 0.555 | AJ143: =VLOOKUP(A143,[1]DETALLE!$A$1:$AK$841,18,FALSE) -> WF Mono Systems and Legacy Color | AK143: =IF(AE143=AF143,1,0) -> 1 | AL143: =IF(AB143=AG143,1,0) -> 0 | AM143: =IF(AC143=AH143,1,0) -> 1 | AN143: =IF(AD143=AI143,1,0) -> 0 | AO143: =IF(H143=AJ143,1,0) -> 0
A144: 0C4X008250 | B144: 2019 | C144: Qtr 2 | D144: April | E144: 3 | F144: CORRECTIVO | G144: 2.633333 | H144: A4 Mono MFPs | I144: 468 | J144: 715 | K144: 0 | L144: 0 | M144: 0 | N144: 0.6 | O144: 0.8 | P144: 1.05 | Q144: INTERIOR | R144: 5 | S144: 9 | T144: Ciudad principal | U144: A4 Mono MFPs | V144: XEROX MEXICANA SA DE CV / XEROX MEXICANA | W144: JALISCO | X144: 2019 | Y144: Qtr 2 | Z144: April | AA144: 3 | AB144: 236 | AC144: 1.05 | AD144: 0.5266666 | AE144: 750.75 | AF144: =VLOOKUP(A144,[1]DETALLE!$A$1:$AK$841,37,FALSE) -> 1730.3 | AG144: =VLOOKUP(A144,[1]DETALLE!$A$1:$AK$841,16,FALSE) -> 34 | AH144: =VLOOKUP(A144,[1]DETALLE!$A$1:$AK$841,22,FALSE) -> 1.1 | AI144: =VLOOKUP(A144,[1]DETALLE!$A$1:$AK$841,27,FALSE) -> 0.3125 | AJ144: =VLOOKUP(A144,[1]DETALLE!$A$1:$AK$841,18,FALSE) -> Light Production Digital Business | AK144: =IF(AE144=AF144,1,0) -> 0 | AL144: =IF(AB144=AG144,1,0) -> 0 | AM144: =IF(AC144=AH144,1,0) -> 0 | AN144: =IF(AD144=AI144,1,0) -> 0 | AO144: =IF(H144=AJ144,1,0) -> 0
A145: 0C4X011869 | B145: 2019 | C145: Qtr 2 | D145: April | E145: 3 | F145: CORRECTIVO | G145: 2.916667 | I145: NA | J145: NA | K145: NA | L145: NA | M145: NA | N145: NA | O145: NA | P145: NA | R145: NA | S145: NA | U145: A4 Mono MFPs | V145: XEROX MEXICANA SA DE CV / XEROX MEXICANA | W145: CHIHUAHUA | X145: 2019 | Y145: Qtr 2 | Z145: April | AA145: 5 | AB145: 0 | AC145: 1.1 | AD145: 0 | AE145: 750.75 | AF145: =VLOOKUP(A145,[1]DETALLE!$A$1:$AK$841,37,FALSE) -> 1501.5 | AG145: =VLOOKUP(A145,[1]DETALLE!$A$1:$AK$841,16,FALSE) -> 504 | AH145: =VLOOKUP(A145,[1]DETALLE!$A$1:$AK$841,22,FALSE) -> 1.1 | AI145: =VLOOKUP(A145,[1]DETALLE!$A$1:$AK$841,27,FALSE) -> 0.24 | AJ145: =VLOOKUP(A145,[1]DETALLE!$A$1:$AK$841,18,FALSE) -> Office Digital | AK145: =IF(AE145=AF145,1,0) -> 0 | AL145: =IF(AB145=AG145,1,0) -> 0 | AM145: =IF(AC145=AH145,1,0) -> 1 | AN145: =IF(AD145=AI145,1,0) -> 0 | AO145: =IF(H145=AJ145,1,0) -> 0
A146: 0C7X246832 | B146: 2019 | C146: Qtr 2 | D146: April | E146: 3 | F146: CORRECTIVO | G146: 6.066667 | H146: A4 Mono MFPs | I146: 468 | J146: 715 | K146: 0 | L146: 0 | M146: 0 | N146: 0.6 | O146: 0.8 | P146: 1.05 | Q146: INTERIOR | R146: 5 | S146: 9 | T146: Ciudad principal | U146: A4 Mono MFPs | V146: XEROX MEXICANA SA DE CV / XEROX MEXICANA | W146: TAMAULIPAS | X146: 2019 | Y146: Qtr 2 | Z146: April | AA146: 12 | AB146: 54 | AC146: 0.8 | AD146: 1.2133334 | AE146: 533.86665 | AF146: =VLOOKUP(A146,[1]DETALLE!$A$1:$AK$841,37,FALSE) -> -64.8375 | AG146: =VLOOKUP(A146,[1]DETALLE!$A$1:$AK$841,16,FALSE) -> 5 | AH146: =VLOOKUP(A146,[1]DETALLE!$A$1:$AK$841,22,FALSE) -> 0 | AI146: =VLOOKUP(A146,[1]DETALLE!$A$1:$AK$841,27,FALSE) -> 1.19 | AJ146: =VLOOKUP(A146,[1]DETALLE!$A$1:$AK$841,18,FALSE) -> Office Digital | AK146: =IF(AE146=AF146,1,0) -> 0 | AL146: =IF(AB146=AG146,1,0) -> 0 | AM146: =IF(AC146=AH146,1,0) -> 0 | AN146: =IF(AD146=AI146,1,0) -> 0 | AO146: =IF(H146=AJ146,1,0) -> 0
A147: 0C7X371958 | B147: 2019 | C147: Qtr 2 | D147: April | E147: 3 | F147: MANTENIMIENTO PREVENTIVO | G147: 0 | H147: A4 Mono MFPs | I147: 468 | J147: 715 | K147: 0 | L147: 0 | M147: 0 | N147: 0.6 | O147: 0.8 | P147: 1.05 | Q147: INTERIOR | R147: 5 | S147: 9 | T147: Otras | U147: A4 Mono MFPs | V147: XEROX MEXICANA SA DE CV / XEROX MEXICANA | W147: COAHUILA | X147: 2019 | Y147: Qtr 2 | Z147: April | AA147: 3 | AB147: 26 | AC147: 0 | AD147: 0 | AE147: 715 | AF147: =VLOOKUP(A147,[1]DETALLE!$A$1:$AK$841,37,FALSE) -> #N/A | AG147: =VLOOKUP(A147,[1]DETALLE!$A$1:$AK$841,16,FALSE) -> #N/A | AH147: =VLOOKUP(A147,[1]DETALLE!$A$1:$AK$841,22,FALSE) -> #N/A | AI147: =VLOOKUP(A147,[1]DETALLE!$A$1:$AK$841,27,FALSE) -> #N/A | AJ147: =VLOOKUP(A147,[1]DETALLE!$A$1:$AK$841,18,FALSE) -> #N/A | AK147: =IF(AE147=AF147,1,0) -> #N/A | AL147: =IF(AB147=AG147,1,0) -> #N/A | AM147: =IF(AC147=AH147,1,0) -> #N/A | AN147: =IF(AD147=AI147,1,0) -> #N/A | AO147: =IF(H147=AJ147,1,0) -> #N/A
A148: 0D6X461128 | B148: 2019 | C148: Qtr 2 | D148: April | E148: 3 | F148: CORRECTIVO | G148: 0.2166667 | H148: Entry Mono Printers | I148: 468 | J148: 715 | K148: 0 | L148: 0 | M148: 0 | N148: 0.6 | O148: 0.8 | P148: 1.05 | Q148: INTERIOR | R148: 5 | S148: 9 | T148: Ciudad principal | U148: Entry Mono Printers | V148: XEROX MEXICANA SA DE CV / XEROX MEXICANA | W148: DURANGO | X148: 2019 | Y148: Qtr 2 | Z148: April | AA148: 4 | AB148: 21 | AC148: 0.6 | AD148: 0.04333334 | AE148: 429 | AF148: =VLOOKUP(A148,[1]DETALLE!$A$1:$AK$841,37,FALSE) -> 1433.25 | AG148: =VLOOKUP(A148,[1]DETALLE!$A$1:$AK$841,16,FALSE) -> 40 | AH148: =VLOOKUP(A148,[1]DETALLE!$A$1:$AK$841,22,FALSE) -> 1.05 | AI148: =VLOOKUP(A148,[1]DETALLE!$A$1:$AK$841,27,FALSE) -> 0.45 | AJ148: =VLOOKUP(A148,[1]DETALLE!$A$1:$AK$841,18,FALSE) -> Office Digital | AK148: =IF(AE148=AF148,1,0) -> 0 | AL148: =IF(AB148=AG148,1,0) -> 0 | AM148: =IF(AC148=AH148,1,0) -> 0 | AN148: =IF(AD148=AI148,1,0) -> 0 | AO148: =IF(H148=AJ148,1,0) -> 0
A149: 0E2B653886 | B149: 2019 | C149: Qtr 2 | D149: April | E149: 3 | F149: CORRECTIVO | G149: 0.2 | H149: Entry Production Color Low/Mid | I149: 803 | J149: 1573 | K149: 0.2 | L149: 0.6 | M149: 0.8 | N149: 1.05 | O149: 1.1 | P149: 1.15 | Q149: INTERIOR | R149: 4 | S149: 6 | T149: Ciudad principal | U149: Entry Production Color Low/Mid | V149: XEROX MEXICANA SA DE CV / XEROX MEXICANA | W149: NUEVO LEON | X149: 2019 | Y149: Qtr 2 | Z149: April | AA149: 4 | AB149: 22 | AC149: 1.05 | AD149: 0.05 | AE149: 1651.65 | AF149: =VLOOKUP(A149,[1]DETALLE!$A$1:$AK$841,37,FALSE) -> 0 | AG149: =VLOOKUP(A149,[1]DETALLE!$A$1:$AK$841,16,FALSE) -> 168 | AH149: =VLOOKUP(A149,[1]DETALLE!$A$1:$AK$841,22,FALSE) -> 1.1 | AI149: =VLOOKUP(A149,[1]DETALLE!$A$1:$AK$841,27,FALSE) -> 0.394 | AJ149: =VLOOKUP(A149,[1]DETALLE!$A$1:$AK$841,18,FALSE) -> Office Digital | AK149: =IF(AE149=AF149,1,0) -> 0 | AL149: =IF(AB149=AG149,1,0) -> 0 | AM149: =IF(AC149=AH149,1,0) -> 0 | AN149: =IF(AD149=AI149,1,0) -> 0 | AO149: =IF(H149=AJ149,1,0) -> 0
A150: 0E2B656981 | B150: 2019 | C150: Qtr 2 | D150: April | E150: 3 | F150: MANTENIMIENTO PREVENTIVO | G150: 0 | H150: Entry Production Color Low/Mid | I150: 803 | J150: 1573 | K150: 0.2 | L150: 0.6 | M150: 0.8 | N150: 1.05 | O150: 1.1 | P150: 1.15 | Q150: INTERIOR | R150: 4 | S150: 6 | T150: Ciudad principal | U150: Entry Production Color Low/Mid | V150: XEROX MEXICANA SA DE CV / XEROX MEXICANA | W150: TAMAULIPAS | X150: 2019 | Y150: Qtr 2 | Z150: April | AA150: 3 | AB150: 8 | AC150: 0 | AD150: 0 | AE150: 1573 | AF150: =VLOOKUP(A150,[1]DETALLE!$A$1:$AK$841,37,FALSE) -> #N/A | AG150: =VLOOKUP(A150,[1]DETALLE!$A$1:$AK$841,16,FALSE) -> #N/A | AH150: =VLOOKUP(A150,[1]DETALLE!$A$1:$AK$841,22,FALSE) -> #N/A | AI150: =VLOOKUP(A150,[1]DETALLE!$A$1:$AK$841,27,FALSE) -> #N/A | AJ150: =VLOOKUP(A150,[1]DETALLE!$A$1:$AK$841,18,FALSE) -> #N/A | AK150: =IF(AE150=AF150,1,0) -> #N/A | AL150: =IF(AB150=AG150,1,0) -> #N/A | AM150: =IF(AC150=AH150,1,0) -> #N/A | AN150: =IF(AD150=AI150,1,0) -> #N/A | AO150: =IF(H150=AJ150,1,0) -> #N/A
A151: 0E2B658511 | B151: 2019 | C151: Qtr 2 | D151: April | E151: 3 | F151: CORRECTIVO | G151: 0.2 | H151: Entry Production Color Low/Mid | I151: 803 | J151: 1573 | K151: 0.2 | L151: 0.6 | M151: 0.8 | N151: 1.05 | O151: 1.1 | P151: 1.15 | Q151: INTERIOR | R151: 4 | S151: 6 | T151: Ciudad principal | U151: Entry Production Color Low/Mid | V151: XEROX MEXICANA SA DE CV / XEROX MEXICANA | W151: QUERETARO | X151: 2019 | Y151: Qtr 2 | Z151: April | AA151: 3 | AB151: 126 | AC151: 1.15 | AD151: 0.05 | AE151: 1808.95 | AF151: =VLOOKUP(A151,[1]DETALLE!$A$1:$AK$841,37,FALSE) -> 750.75 | AG151: =VLOOKUP(A151,[1]DETALLE!$A$1:$AK$841,16,FALSE) -> 183 | AH151: =VLOOKUP(A151,[1]DETALLE!$A$1:$AK$841,22,FALSE) -> 1.05 | AI151: =VLOOKUP(A151,[1]DETALLE!$A$1:$AK$841,27,FALSE) -> 0.51888889 | AJ151: =VLOOKUP(A151,[1]DETALLE!$A$1:$AK$841,18,FALSE) -> A4 Mono MFPs | AK151: =IF(AE151=AF151,1,0) -> 0 | AL151: =IF(AB151=AG151,1,0) -> 0 | AM151: =IF(AC151=AH151,1,0) -> 0 | AN151: =IF(AD151=AI151,1,0) -> 0 | AO151: =IF(H151=AJ151,1,0) -> 0
A152: 0E2B666269 | B152: 2019 | C152: Qtr 2 | D152: April | E152: 3 | F152: CORRECTIVO | G152: 0.25 | H152: Entry Production Color Low/Mid | I152: 803 | J152: 1573 | K152: 0.2 | L152: 0.6 | M152: 0.8 | N152: 1.05 | O152: 1.1 | P152: 1.15 | Q152: INTERIOR | R152: 4 | S152: 6 | T152: Ciudad principal | U152: Entry Production Color Low/Mid | V152: XEROX MEXICANA SA DE CV / XEROX MEXICANA | W152: QUERETARO | X152: 2019 | Y152: Qtr 2 | Z152: April | AA152: 4 | AB152: 6 | AC152: 0.6 | AD152: 0.0625 | AE152: 943.8 | AF152: =VLOOKUP(A152,[1]DETALLE!$A$1:$AK$841,37,FALSE) -> 819 | AG152: =VLOOKUP(A152,[1]DETALLE!$A$1:$AK$841,16,FALSE) -> 8 | AH152: =VLOOKUP(A152,[1]DETALLE!$A$1:$AK$841,22,FALSE) -> 0.6 | AI152: =VLOOKUP(A152,[1]DETALLE!$A$1:$AK$841,27,FALSE) -> 0.7 | AJ152: =VLOOKUP(A152,[1]DETALLE!$A$1:$AK$841,18,FALSE) -> Departmental Digital | AK152: =IF(AE152=AF152,1,0) -> 0 | AL152: =IF(AB152=AG152,1,0) -> 0 | AM152: =IF(AC152=AH152,1,0) -> 1 | AN152: =IF(AD152=AI152,1,0) -> 0 | AO152: =IF(H152=AJ152,1,0) -> 0
A153: 0EX7399926 | B153: 2019 | C153: Qtr 2 | D153: April | E153: 3 | F153: CORRECTIVO | G153: 1.166667 | H153: Office Digital | I153: 655 | J153: 1365 | K153: 0 | L153: 0 | M153: 0.6 | N153: 0.8 | O153: 1.05 | P153: 1.1 | Q153: INTERIOR | R153: 5 | S153: 9 | T153: Ciudad principal | U153: Departmental Digital | V153: XEROX MEXICANA SA DE CV / XEROX MEXICANA | W153: CHIHUAHUA | X153: 2019 | Y153: Qtr 2 | Z153: April | AA153: 3 | AB153: 33 | AC153: 1.05 | AD153: 0.2333334 | AE153: 1433.25 | AF153: =VLOOKUP(A153,[1]DETALLE!$A$1:$AK$841,37,FALSE) -> 943.8 | AG153: =VLOOKUP(A153,[1]DETALLE!$A$1:$AK$841,16,FALSE) -> 5 | AH153: =VLOOKUP(A153,[1]DETALLE!$A$1:$AK$841,22,FALSE) -> 0.6 | AI153: =VLOOKUP(A153,[1]DETALLE!$A$1:$AK$841,27,FALSE) -> 0.255 | AJ153: =VLOOKUP(A153,[1]DETALLE!$A$1:$AK$841,18,FALSE) -> Entry Production Color Low/Mid | AK153: =IF(AE153=AF153,1,0) -> 0 | AL153: =IF(AB153=AG153,1,0) -> 0 | AM153: =IF(AC153=AH153,1,0) -> 0 | AN153: =IF(AD153=AI153,1,0) -> 0 | AO153: =IF(H153=AJ153,1,0) -> 0
A154: 0EX7407508 | B154: 2019 | C154: Qtr 2 | D154: April | E154: 3 | F154: CORRECTIVO | G154: 0.4 | H154: Office Digital | I154: 655 | J154: 1365 | K154: 0 | L154: 0 | M154: 0.6 | N154: 0.8 | O154: 1.05 | P154: 1.1 | Q154: INTERIOR | R154: 5 | S154: 9 | T154: Ciudad principal | U154: Departmental Digital | V154: XEROX MEXICANA SA DE CV / XEROX MEXICANA | W154: CHIHUAHUA | X154: 2019 | Y154: Qtr 2 | Z154: April | AA154: 5 | AB154: 111 | AC154: 1.1 | AD154: 0.08 | AE154: 1501.5 | AF154: =VLOOKUP(A154,[1]DETALLE!$A$1:$AK$841,37,FALSE) -> 750.75 | AG154: =VLOOKUP(A154,[1]DETALLE!$A$1:$AK$841,16,FALSE) -> 2683 | AH154: =VLOOKUP(A154,[1]DETALLE!$A$1:$AK$841,22,FALSE) -> 1.05 | AI154: =VLOOKUP(A154,[1]DETALLE!$A$1:$AK$841,27,FALSE) -> 1 | AJ154: =VLOOKUP(A154,[1]DETALLE!$A$1:$AK$841,18,FALSE) -> A4 Mono MFPs | AK154: =IF(AE154=AF154,1,0) -> 0 | AL154: =IF(AB154=AG154,1,0) -> 0 | AM154: =IF(AC154=AH154,1,0) -> 0 | AN154: =IF(AD154=AI154,1,0) -> 0 | AO154: =IF(H154=AJ154,1,0) -> 0
A155: 0EX9283991 | B155: 2019 | C155: Qtr 2 | D155: April | E155: 3 | F155: CORRECTIVO | G155: 2.033333 | H155: Departmental Digital | I155: 655 | J155: 1365 | K155: 0 | L155: 0 | M155: 0.6 | N155: 0.8 | O155: 1.05 | P155: 1.1 | Q155: INTERIOR | R155: 5 | S155: 9 | T155: Ciudad principal | U155: Departmental Digital | V155: XEROX MEXICANA SA DE CV / XEROX MEXICANA | W155: TAMAULIPAS | X155: 2019 | Y155: Qtr 2 | Z155: April | AA155: 3 | AB155: 29 | AC155: 0.8 | AD155: 0.4066666 | AE155: 1092 | AF155: =VLOOKUP(A155,[1]DETALLE!$A$1:$AK$841,37,FALSE) -> 1501.5 | AG155: =VLOOKUP(A155,[1]DETALLE!$A$1:$AK$841,16,FALSE) -> 345 | AH155: =VLOOKUP(A155,[1]DETALLE!$A$1:$AK$841,22,FALSE) -> 1.1 | AI155: =VLOOKUP(A155,[1]DETALLE!$A$1:$AK$841,27,FALSE) -> 0.094 | AJ155: =VLOOKUP(A155,[1]DETALLE!$A$1:$AK$841,18,FALSE) -> A3 Office Color Laser MFPs | AK155: =IF(AE155=AF155,1,0) -> 0 | AL155: =IF(AB155=AG155,1,0) -> 0 | AM155: =IF(AC155=AH155,1,0) -> 0 | AN155: =IF(AD155=AI155,1,0) -> 0 | AO155: =IF(H155=AJ155,1,0) -> 0
A156: 0EX9286123 | B156: 2019 | C156: Qtr 2 | D156: April | E156: 3 | F156: CORRECTIVO | G156: 0.1666667 | H156: Departmental Digital | I156: 655 | J156: 1365 | K156: 0 | L156: 0 | M156: 0.6 | N156: 0.8 | O156: 1.05 | P156: 1.1 | Q156: INTERIOR | R156: 5 | S156: 9 | T156: Ciudad principal | U156: Departmental Digital | V156: XEROX MEXICANA SA DE CV / XEROX MEXICANA | W156: DURANGO | X156: 2019 | Y156: Qtr 2 | Z156: April | AA156: 3 | AB156: 2 | AC156: 0 | AD156: 0.03333334 | AE156: 0 | AF156: =VLOOKUP(A156,[1]DETALLE!$A$1:$AK$841,37,FALSE) -> 750.75 | AG156: =VLOOKUP(A156,[1]DETALLE!$A$1:$AK$841,16,FALSE) -> 103 | AH156: =VLOOKUP(A156,[1]DETALLE!$A$1:$AK$841,22,FALSE) -> 1.05 | AI156: =VLOOKUP(A156,[1]DETALLE!$A$1:$AK$841,27,FALSE) -> 0.41111111 | AJ156: =VLOOKUP(A156,[1]DETALLE!$A$1:$AK$841,18,FALSE) -> A4 Mono MFPs | AK156: =IF(AE156=AF156,1,0) -> 0 | AL156: =IF(AB156=AG156,1,0) -> 0 | AM156: =IF(AC156=AH156,1,0) -> 0 | AN156: =IF(AD156=AI156,1,0) -> 0 | AO156: =IF(H156=AJ156,1,0) -> 0
A157: 0EX9293385 | B157: 2019 | C157: Qtr 2 | D157: April | E157: 3 | F157: CORRECTIVO | G157: 0.4166667 | H157: Departmental Digital | I157: 655 | J157: 1365 | K157: 0 | L157: 0 | M157: 0.6 | N157: 0.8 | O157: 1.05 | P157: 1.1 | Q157: INTERIOR | R157: 5 | S157: 9 | T157: Ciudad principal | U157: Departmental Digital | V157: XEROX MEXICANA SA DE CV / XEROX MEXICANA | W157: QUERETARO | X157: 2019 | Y157: Qtr 2 | Z157: April | AA157: 3 | AB157: 8 | AC157: 0.6 | AD157: 0.08333334 | AE157: 819 | AF157: =VLOOKUP(A157,[1]DETALLE!$A$1:$AK$841,37,FALSE) -> 1730.3 | AG157: =VLOOKUP(A157,[1]DETALLE!$A$1:$AK$841,16,FALSE) -> 50 | AH157: =VLOOKUP(A157,[1]DETALLE!$A$1:$AK$841,22,FALSE) -> 1.1 | AI157: =VLOOKUP(A157,[1]DETALLE!$A$1:$AK$841,27,FALSE) -> 0.255 | AJ157: =VLOOKUP(A157,[1]DETALLE!$A$1:$AK$841,18,FALSE) -> Light Production Digital Business | AK157: =IF(AE157=AF157,1,0) -> 0 | AL157: =IF(AB157=AG157,1,0) -> 0 | AM157: =IF(AC157=AH157,1,0) -> 0 | AN157: =IF(AD157=AI157,1,0) -> 0 | AO157: =IF(H157=AJ157,1,0) -> 0
...

Sheet prueba con 16mil datos
A1: N° de serie | B1: Year | C1: Quarter | D1: Month | E1: Day | F1: Categoría | G1: T. respuesta | H1: Business Team | I1: Pago Base CDMX y área metropolitana | J1: Pago Base Interior | K1: menos de 3 días | L1: entre 3 y 6 días | M1: entre 7 y 15 días | N1: entre 16 y 30 días | O1: entre 31 y 59 días | P1: 60 días o más | Q1: REGION | R1: TR Ciudades principales | S1: TR Otras ciudades | T1: Loc TR | U1: familia matriz global | V1: Cliente | W1: Ruta | X1: Year.1 | Y1: Quarter.1 | Z1: Month.1 | AA1: Day.1 | AB1: time | AC1: viabilidad | AD1: veces_obj | AE1: pagofinal | AF1: pago MIF | AG1: dias MIF | AH1: Fiabilidad MIF | AI1: vece obj MIF | AJ1: familia MIF | AK1: pagos iguales | AL1: dias iguales | AM1: fiabilidad igual | AN1: veces obj iguales | AO1: familias iguales
A2: 9HB334888 | B2: 2019 | C2: Qtr 1 | D2: March | E2: 4 | F2: INSTALACION NUEVA | G2: 0 | I2: NA | J2: NA | K2: NA | L2: NA | M2: NA | N2: NA | O2: NA | P2: NA | R2: NA | S2: NA | U2: A4 Mono MFPs | V2: XEROX MEXICANA SA DE CV / XEROX MEXICANA | W2: ESTADO DE MEXICO | X2: 2019 | Y2: Qtr 2 | Z2: April | AA2: 4 | AB2: 0 | AC2: 1.1 | AD2: 0 | AE2: 715 | AF2: =VLOOKUP(A2,[1]DETALLE!$A$1:$AK$841,37,FALSE) -> 1501.5 | AG2: =VLOOKUP(A2,[1]DETALLE!$A$1:$AK$841,16,FALSE) -> 88 | AH2: =VLOOKUP(A2,[1]DETALLE!$A$1:$AK$841,22,FALSE) -> 1.1 | AI2: =VLOOKUP(A2,[1]DETALLE!$A$1:$AK$841,27,FALSE) -> 0.22 | AJ2: =VLOOKUP(A2,[1]DETALLE!$A$1:$AK$841,18,FALSE) -> Departmental Digital | AK2: =IF(AE2=AF2,1,0) -> 0 | AL2: =IF(AB2=AG2,1,0) -> 0 | AM2: =IF(AC2=AH2,1,0) -> 1 | AN2: =IF(AD2=AI2,1,0) -> 0 | AO2: =IF(H2=AJ2,1,0) -> 0
A3: 0AGD461524 | B3: 2019 | C3: Qtr 1 | D3: March | E3: 5 | F3: CORRECTIVO | G3: 2.866667 | I3: NA | J3: NA | K3: NA | L3: NA | M3: NA | N3: NA | O3: NA | P3: NA | R3: NA | S3: NA | U3: A4 Color Laser MFPs | V3: XEROX MEXICANA SA DE CV / XEROX MEXICANA | W3: NUEVO LEON | X3: 2019 | Y3: Qtr 2 | Z3: April | AA3: 22 | AB3: 12 | AC3: 1.1 | AD3: 0 | AE3: 0 | AF3: =VLOOKUP(A3,[1]DETALLE!$A$1:$AK$841,37,FALSE) -> 1092 | AG3: =VLOOKUP(A3,[1]DETALLE!$A$1:$AK$841,16,FALSE) -> 17 | AH3: =VLOOKUP(A3,[1]DETALLE!$A$1:$AK$841,22,FALSE) -> 0.8 | AI3: =VLOOKUP(A3,[1]DETALLE!$A$1:$AK$841,27,FALSE) -> 0.196 | AJ3: =VLOOKUP(A3,[1]DETALLE!$A$1:$AK$841,18,FALSE) -> A3 Office Color Laser MFPs | AK3: =IF(AE3=AF3,1,0) -> 0 | AL3: =IF(AB3=AG3,1,0) -> 0 | AM3: =IF(AC3=AH3,1,0) -> 0 | AN3: =IF(AD3=AI3,1,0) -> 0 | AO3: =IF(H3=AJ3,1,0) -> 0
A4: 0BG2951668 | B4: 2019 | C4: Qtr 1 | D4: March | E4: 11 | F4: MANTENIMIENTO PREVENTIVO | G4: 0 | H4: Light Production Digital Business | I4: 803 | J4: 1573 | K4: 0.2 | L4: 0.6 | M4: 0.8 | N4: 1.05 | O4: 1.1 | P4: 1.15 | Q4: INTERIOR | R4: 4 | S4: 6 | T4: Ciudad principal | U4: High End Cut Sheet | V4: XEROX MEXICANA SA DE CV / XEROX MEXICANA | W4: NUEVO LEON | X4: 2019 | Y4: Qtr 2 | Z4: April | AA4: 11 | AB4: 14 | AC4: 0 | AD4: 0 | AE4: 1573 | AF4: =VLOOKUP(A4,[1]DETALLE!$A$1:$AK$841,37,FALSE) -> 1651.65 | AG4: =VLOOKUP(A4,[1]DETALLE!$A$1:$AK$841,16,FALSE) -> 18 | AH4: =VLOOKUP(A4,[1]DETALLE!$A$1:$AK$841,22,FALSE) -> 1.05 | AI4: =VLOOKUP(A4,[1]DETALLE!$A$1:$AK$841,27,FALSE) -> 0.555 | AJ4: =VLOOKUP(A4,[1]DETALLE!$A$1:$AK$841,18,FALSE) -> WF Mono Systems and Legacy Color | AK4: =IF(AE4=AF4,1,0) -> 0 | AL4: =IF(AB4=AG4,1,0) -> 0 | AM4: =IF(AC4=AH4,1,0) -> 0 | AN4: =IF(AD4=AI4,1,0) -> 0 | AO4: =IF(H4=AJ4,1,0) -> 0
A5: 0BPB110617 | B5: 2019 | C5: Qtr 1 | D5: March | E5: 13 | F5: CORRECTIVO | G5: 2.216667 | I5: NA | J5: NA | K5: NA | L5: NA | M5: NA | N5: NA | O5: NA | P5: NA | R5: NA | S5: NA | U5: High End Cut Sheet | V5: XEROX MEXICANA SA DE CV / XEROX MEXICANA | W5: JALISCO | X5: 2019 | Y5: Qtr 2 | Z5: April | AA5: 1 | AB5: 13 | AC5: 1.1 | AD5: 0 | AE5: 107.25 | AF5: =VLOOKUP(A5,[1]DETALLE!$A$1:$AK$841,37,FALSE) -> 750.75 | AG5: =VLOOKUP(A5,[1]DETALLE!$A$1:$AK$841,16,FALSE) -> 294 | AH5: =VLOOKUP(A5,[1]DETALLE!$A$1:$AK$841,22,FALSE) -> 1.05 | AI5: =VLOOKUP(A5,[1]DETALLE!$A$1:$AK$841,27,FALSE) -> 0 | AJ5: =VLOOKUP(A5,[1]DETALLE!$A$1:$AK$841,18,FALSE) -> Entry Mono Printers | AK5: =IF(AE5=AF5,1,0) -> 0 | AL5: =IF(AB5=AG5,1,0) -> 0 | AM5: =IF(AC5=AH5,1,0) -> 0 | AN5: =IF(AD5=AI5,1,0) -> 1 | AO5: =IF(H5=AJ5,1,0) -> 0
A6: 0BPB110653 | B6: 2019 | C6: Qtr 1 | D6: March | E6: 13 | F6: CORRECTIVO | G6: 4.233333 | I6: NA | J6: NA | K6: NA | L6: NA | M6: NA | N6: NA | O6: NA | P6: NA | R6: NA | S6: NA | U6: High End Cut Sheet | V6: XEROX MEXICANA SA DE CV / XEROX MEXICANA | W6: JALISCO | X6: 2019 | Y6: Qtr 2 | Z6: April | AA6: 3 | AB6: 35 | AC6: 1.1 | AD6: 0 | AE6: 321.75 | AF6: =VLOOKUP(A6,[1]DETALLE!$A$1:$AK$841,37,FALSE) -> 1730.3 | AG6: =VLOOKUP(A6,[1]DETALLE!$A$1:$AK$841,16,FALSE) -> 50 | AH6: =VLOOKUP(A6,[1]DETALLE!$A$1:$AK$841,22,FALSE) -> 1.1 | AI6: =VLOOKUP(A6,[1]DETALLE!$A$1:$AK$841,27,FALSE) -> 0.505 | AJ6: =VLOOKUP(A6,[1]DETALLE!$A$1:$AK$841,18,FALSE) -> Entry Production Color Low/Mid | AK6: =IF(AE6=AF6,1,0) -> 0 | AL6: =IF(AB6=AG6,1,0) -> 0 | AM6: =IF(AC6=AH6,1,0) -> 1 | AN6: =IF(AD6=AI6,1,0) -> 0 | AO6: =IF(H6=AJ6,1,0) -> 0
A7: 0VGW686533 | B7: 2019 | C7: Qtr 1 | D7: March | E7: 15 | F7: CORRECTIVO | G7: 0.25 | H7: A3 Professional Color Laser MFPs | I7: 655 | J7: 1365 | K7: 0 | L7: 0 | M7: 0.6 | N7: 0.8 | O7: 1.05 | P7: 1.1 | Q7: INTERIOR | R7: 5 | S7: 9 | T7: Ciudad principal | U7: Entry Production Color Low/Mid | V7: XEROX MEXICANA SA DE CV / XEROX MEXICANA | W7: CHIHUAHUA | X7: 2019 | Y7: Qtr 2 | Z7: April | AA7: 9 | AB7: 29 | AC7: 0.8 | AD7: 0.05 | AE7: 1092 | AF7: =VLOOKUP(A7,[1]DETALLE!$A$1:$AK$841,37,FALSE) -> 452.2375 | AG7: =VLOOKUP(A7,[1]DETALLE!$A$1:$AK$841,16,FALSE) -> 5 | AH7: =VLOOKUP(A7,[1]DETALLE!$A$1:$AK$841,22,FALSE) -> 0.6 | AI7: =VLOOKUP(A7,[1]DETALLE!$A$1:$AK$841,27,FALSE) -> 2.25 | AJ7: =VLOOKUP(A7,[1]DETALLE!$A$1:$AK$841,18,FALSE) -> Light Production Digital Business | AK7: =IF(AE7=AF7,1,0) -> 0 | AL7: =IF(AB7=AG7,1,0) -> 0 | AM7: =IF(AC7=AH7,1,0) -> 0 | AN7: =IF(AD7=AI7,1,0) -> 0 | AO7: =IF(H7=AJ7,1,0) -> 0
A8: 0BG0971716 | B8: 2019 | C8: Qtr 1 | D8: March | E8: 20 | F8: CORRECTIVO | G8: 1.183333 | H8: Light Production Digital Business | I8: 803 | J8: 1573 | K8: 0.2 | L8: 0.6 | M8: 0.8 | N8: 1.05 | O8: 1.1 | P8: 1.15 | Q8: INTERIOR | R8: 4 | S8: 6 | T8: Ciudad principal | U8: High End Cut Sheet | V8: XEROX MEXICANA SA DE CV / XEROX MEXICANA | W8: NUEVO LEON | X8: 2019 | Y8: Qtr 2 | Z8: April | AA8: 3 | AB8: 49 | AC8: 1.1 | AD8: 0.29583325 | AE8: 1730.3 | AF8: =VLOOKUP(A8,[1]DETALLE!$A$1:$AK$841,37,FALSE) -> 1730.3 | AG8: =VLOOKUP(A8,[1]DETALLE!$A$1:$AK$841,16,FALSE) -> 37 | AH8: =VLOOKUP(A8,[1]DETALLE!$A$1:$AK$841,22,FALSE) -> 1.1 | AI8: =VLOOKUP(A8,[1]DETALLE!$A$1:$AK$841,27,FALSE) -> 0.5925 | AJ8: =VLOOKUP(A8,[1]DETALLE!$A$1:$AK$841,18,FALSE) -> Light Production Digital Business | AK8: =IF(AE8=AF8,1,0) -> 1 | AL8: =IF(AB8=AG8,1,0) -> 0 | AM8: =IF(AC8=AH8,1,0) -> 1 | AN8: =IF(AD8=AI8,1,0) -> 0 | AO8: =IF(H8=AJ8,1,0) -> 1
A9: 0EX9310036 | B9: 2019 | C9: Qtr 1 | D9: March | E9: 21 | F9: CORRECTIVO | G9: 1.666667 | H9: Departmental Digital | I9: 655 | J9: 1365 | K9: 0 | L9: 0 | M9: 0.6 | N9: 0.8 | O9: 1.05 | P9: 1.1 | Q9: INTERIOR | R9: 5 | S9: 9 | T9: Ciudad principal | U9: Departmental Digital | V9: XEROX MEXICANA SA DE CV / XEROX MEXICANA | W9: TAMAULIPAS | X9: 2019 | Y9: Qtr 2 | Z9: April | AA9: 5 | AB9: 48 | AC9: 1.05 | AD9: 0.3333334 | AE9: 1433.25 | AF9: =VLOOKUP(A9,[1]DETALLE!$A$1:$AK$841,37,FALSE) -> 1258.4 | AG9: =VLOOKUP(A9,[1]DETALLE!$A$1:$AK$841,16,FALSE) -> 14 | AH9: =VLOOKUP(A9,[1]DETALLE!$A$1:$AK$841,22,FALSE) -> 0.8 | AI9: =VLOOKUP(A9,[1]DETALLE!$A$1:$AK$841,27,FALSE) -> 0 | AJ9: =VLOOKUP(A9,[1]DETALLE!$A$1:$AK$841,18,FALSE) -> Entry Production Color Low/Mid | AK9: =IF(AE9=AF9,1,0) -> 0 | AL9: =IF(AB9=AG9,1,0) -> 0 | AM9: =IF(AC9=AH9,1,0) -> 0 | AN9: =IF(AD9=AI9,1,0) -> 0 | AO9: =IF(H9=AJ9,1,0) -> 0
A10: 0RXD138712 | B10: 2019 | C10: Qtr 1 | D10: March | E10: 21 | F10: CORRECTIVO | G10: 0.3166667 | I10: NA | J10: NA | K10: NA | L10: NA | M10: NA | N10: NA | O10: NA | P10: NA | R10: NA | S10: NA | U10: Departmental Digital | V10: XEROX MEXICANA SA DE CV / XEROX MEXICANA | W10: COAHUILA | X10: 2019 | Y10: Qtr 2 | Z10: April | AA10: 5 | AB10: 58 | AC10: 1.1 | AD10: 0 | AE10: 962 | AF10: =VLOOKUP(A10,[1]DETALLE!$A$1:$AK$841,37,FALSE) -> #N/A | AG10: =VLOOKUP(A10,[1]DETALLE!$A$1:$AK$841,16,FALSE) -> #N/A | AH10: =VLOOKUP(A10,[1]DETALLE!$A$1:$AK$841,22,FALSE) -> #N/A | AI10: =VLOOKUP(A10,[1]DETALLE!$A$1:$AK$841,27,FALSE) -> #N/A | AJ10: =VLOOKUP(A10,[1]DETALLE!$A$1:$AK$841,18,FALSE) -> #N/A | AK10: =IF(AE10=AF10,1,0) -> #N/A | AL10: =IF(AB10=AG10,1,0) -> #N/A | AM10: =IF(AC10=AH10,1,0) -> #N/A | AN10: =IF(AD10=AI10,1,0) -> #N/A | AO10: =IF(H10=AJ10,1,0) -> #N/A
A11: 0BG2948893 | B11: 2019 | C11: Qtr 1 | D11: March | E11: 22 | F11: CORRECTIVO | G11: 2.65 | H11: Light Production Digital Business | I11: 803 | J11: 1573 | K11: 0.2 | L11: 0.6 | M11: 0.8 | N11: 1.05 | O11: 1.1 | P11: 1.15 | Q11: INTERIOR | R11: 4 | S11: 6 | T11: Ciudad principal | U11: High End Cut Sheet | V11: XEROX MEXICANA SA DE CV / XEROX MEXICANA | W11: NUEVO LEON | X11: 2019 | Y11: Qtr 2 | Z11: April | AA11: 4 | AB11: 15 | AC11: 0.8 | AD11: 0.6625 | AE11: 1258.4 | AF11: =VLOOKUP(A11,[1]DETALLE!$A$1:$AK$841,37,FALSE) -> 0 | AG11: =VLOOKUP(A11,[1]DETALLE!$A$1:$AK$841,16,FALSE) -> 10 | AH11: =VLOOKUP(A11,[1]DETALLE!$A$1:$AK$841,22,FALSE) -> 0 | AI11: =VLOOKUP(A11,[1]DETALLE!$A$1:$AK$841,27,FALSE) -> 0.216 | AJ11: =VLOOKUP(A11,[1]DETALLE!$A$1:$AK$841,18,FALSE) -> A4 Color Laser MFPs | AK11: =IF(AE11=AF11,1,0) -> 0 | AL11: =IF(AB11=AG11,1,0) -> 0 | AM11: =IF(AC11=AH11,1,0) -> 0 | AN11: =IF(AD11=AI11,1,0) -> 0 | AO11: =IF(H11=AJ11,1,0) -> 0
A12: 0LX5697800 | B12: 2019 | C12: Qtr 1 | D12: March | E12: 22 | F12: CORRECTIVO | G12: 1.066667 | H12: A3 Office Color Laser MFPs | I12: 655 | J12: 1365 | K12: 0 | L12: 0 | M12: 0.6 | N12: 0.8 | O12: 1.05 | P12: 1.1 | Q12: INTERIOR | R12: 5 | S12: 9 | T12: Ciudad principal | U12: A3 Office Color Laser MFPs | V12: XEROX MEXICANA SA DE CV / XEROX MEXICANA | W12: CHIHUAHUA | X12: 2019 | Y12: Qtr 2 | Z12: April | AA12: 4 | AB12: 17 | AC12: 0.8 | AD12: 0.2133334 | AE12: 1092 | AF12: =VLOOKUP(A12,[1]DETALLE!$A$1:$AK$841,37,FALSE) -> 1258.4 | AG12: =VLOOKUP(A12,[1]DETALLE!$A$1:$AK$841,16,FALSE) -> 7 | AH12: =VLOOKUP(A12,[1]DETALLE!$A$1:$AK$841,22,FALSE) -> 0.8 | AI12: =VLOOKUP(A12,[1]DETALLE!$A$1:$AK$841,27,FALSE) -> 0.3125 | AJ12: =VLOOKUP(A12,[1]DETALLE!$A$1:$AK$841,18,FALSE) -> Light Production Digital Business | AK12: =IF(AE12=AF12,1,0) -> 0 | AL12: =IF(AB12=AG12,1,0) -> 0 | AM12: =IF(AC12=AH12,1,0) -> 1 | AN12: =IF(AD12=AI12,1,0) -> 0 | AO12: =IF(H12=AJ12,1,0) -> 0
A13: 0AB9779149 | B13: 2019 | C13: Qtr 1 | D13: March | E13: 25 | F13: CORRECTIVO | G13: 0 | H13: Color Laser Printers | I13: 468 | J13: 715 | K13: 0 | L13: 0 | M13: 0 | N13: 0.6 | O13: 0.8 | P13: 1.05 | Q13: INTERIOR | R13: 5 | S13: 9 | T13: Ciudad principal | U13: Departmental Digital | V13: XEROX MEXICANA SA DE CV / XEROX MEXICANA | W13: QUERETARO | X13: 2019 | Y13: Qtr 2 | Z13: April | AA13: 8 | AB13: 194 | AC13: 1.05 | AD13: 0 | AE13: 750.75 | AF13: =VLOOKUP(A13,[1]DETALLE!$A$1:$AK$841,37,FALSE) -> 750.75 | AG13: =VLOOKUP(A13,[1]DETALLE!$A$1:$AK$841,16,FALSE) -> 117 | AH13: =VLOOKUP(A13,[1]DETALLE!$A$1:$AK$841,22,FALSE) -> 1.05 | AI13: =VLOOKUP(A13,[1]DETALLE!$A$1:$AK$841,27,FALSE) -> 0.3 | AJ13: =VLOOKUP(A13,[1]DETALLE!$A$1:$AK$841,18,FALSE) -> A4 Color Laser MFPs | AK13: =IF(AE13=AF13,1,0) -> 1 | AL13: =IF(AB13=AG13,1,0) -> 0 | AM13: =IF(AC13=AH13,1,0) -> 1 | AN13: =IF(AD13=AI13,1,0) -> 0 | AO13: =IF(H13=AJ13,1,0) -> 0
A14: 0BG2949298 | B14: 2019 | C14: Qtr 1 | D14: March | E14: 25 | F14: CORRECTIVO | G14: 2.733333 | H14: Light Production Digital Business | I14: 803 | J14: 1573 | K14: 0.2 | L14: 0.6 | M14: 0.8 | N14: 1.05 | O14: 1.1 | P14: 1.15 | Q14: INTERIOR | R14: 4 | S14: 6 | T14: Ciudad principal | U14: High End Cut Sheet | V14: XEROX MEXICANA SA DE CV / XEROX MEXICANA | W14: ESTADO DE MEXICO | X14: 2019 | Y14: Qtr 2 | Z14: April | AA14: 2 | AB14: 14 | AC14: 0.8 | AD14: 0.68333325 | AE14: 1258.4 | AF14: =VLOOKUP(A14,[1]DETALLE!$A$1:$AK$841,37,FALSE) -> 1258.4 | AG14: =VLOOKUP(A14,[1]DETALLE!$A$1:$AK$841,16,FALSE) -> 14 | AH14: =VLOOKUP(A14,[1]DETALLE!$A$1:$AK$841,22,FALSE) -> 0.8 | AI14: =VLOOKUP(A14,[1]DETALLE!$A$1:$AK$841,27,FALSE) -> 0.1875 | AJ14: =VLOOKUP(A14,[1]DETALLE!$A$1:$AK$841,18,FALSE) -> Light Production Digital Business | AK14: =IF(AE14=AF14,1,0) -> 1 | AL14: =IF(AB14=AG14,1,0) -> 1 | AM14: =IF(AC14=AH14,1,0) -> 1 | AN14: =IF(AD14=AI14,1,0) -> 0 | AO14: =IF(H14=AJ14,1,0) -> 1
A15: 0EX9299901 | B15: 2019 | C15: Qtr 1 | D15: March | E15: 25 | F15: CORRECTIVO | G15: 2.783333 | H15: Departmental Digital | I15: 655 | J15: 1365 | K15: 0 | L15: 0 | M15: 0.6 | N15: 0.8 | O15: 1.05 | P15: 1.1 | Q15: INTERIOR | R15: 5 | S15: 9 | T15: Ciudad principal | U15: Departmental Digital | V15: XEROX MEXICANA SA DE CV / XEROX MEXICANA | W15: TAMAULIPAS | X15: 2019 | Y15: Qtr 2 | Z15: April | AA15: 2 | AB15: 348 | AC15: 1.1 | AD15: 0.5566666 | AE15: 1501.5 | AF15: =VLOOKUP(A15,[1]DETALLE!$A$1:$AK$841,37,FALSE) -> 1808.95 | AG15: =VLOOKUP(A15,[1]DETALLE!$A$1:$AK$841,16,FALSE) -> 118 | AH15: =VLOOKUP(A15,[1]DETALLE!$A$1:$AK$841,22,FALSE) -> 1.15 | AI15: =VLOOKUP(A15,[1]DETALLE!$A$1:$AK$841,27,FALSE) -> 0.0825 | AJ15: =VLOOKUP(A15,[1]DETALLE!$A$1:$AK$841,18,FALSE) -> WF Mono Systems and Legacy Color | AK15: =IF(AE15=AF15,1,0) -> 0 | AL15: =IF(AB15=AG15,1,0) -> 0 | AM15: =IF(AC15=AH15,1,0) -> 0 | AN15: =IF(AD15=AI15,1,0) -> 0 | AO15: =IF(H15=AJ15,1,0) -> 0
A16: 0KPA018838 | B16: 2019 | C16: Qtr 1 | D16: March | E16: 25 | F16: MANTENIMIENTO PREVENTIVO | G16: 0 | H16: Entry Mono Printers | I16: 468 | J16: 715 | K16: 0 | L16: 0 | M16: 0 | N16: 0.6 | O16: 0.8 | P16: 1.05 | Q16: INTERIOR | R16: 5 | S16: 9 | T16: Ciudad principal | U16: Departmental Digital | V16: XEROX MEXICANA SA DE CV / XEROX MEXICANA | W16: CHIHUAHUA | X16: 2019 | Y16: Qtr 2 | Z16: April | AA16: 1 | AB16: 12 | AC16: 0 | AD16: 0 | AE16: 715 | AF16: =VLOOKUP(A16,[1]DETALLE!$A$1:$AK$841,37,FALSE) -> 0 | AG16: =VLOOKUP(A16,[1]DETALLE!$A$1:$AK$841,16,FALSE) -> 28 | AH16: =VLOOKUP(A16,[1]DETALLE!$A$1:$AK$841,22,FALSE) -> 0.8 | AI16: =VLOOKUP(A16,[1]DETALLE!$A$1:$AK$841,27,FALSE) -> 0.558 | AJ16: =VLOOKUP(A16,[1]DETALLE!$A$1:$AK$841,18,FALSE) -> Office Digital | AK16: =IF(AE16=AF16,1,0) -> 0 | AL16: =IF(AB16=AG16,1,0) -> 0 | AM16: =IF(AC16=AH16,1,0) -> 0 | AN16: =IF(AD16=AI16,1,0) -> 0 | AO16: =IF(H16=AJ16,1,0) -> 0
A17: 0BG2946876 | B17: 2019 | C17: Qtr 1 | D17: March | E17: 26 | F17: CORRECTIVO | G17: 3.95 | H17: Light Production Digital Business | I17: 803 | J17: 1573 | K17: 0.2 | L17: 0.6 | M17: 0.8 | N17: 1.05 | O17: 1.1 | P17: 1.15 | Q17: INTERIOR | R17: 4 | S17: 6 | T17: Ciudad principal | U17: High End Cut Sheet | V17: XEROX MEXICANA SA DE CV / XEROX MEXICANA | W17: GUANAJUATO | X17: 2019 | Y17: Qtr 2 | Z17: April | AA17: 2 | AB17: 7 | AC17: 0.8 | AD17: 0.9875 | AE17: 1258.4 | AF17: =VLOOKUP(A17,[1]DETALLE!$A$1:$AK$841,37,FALSE) -> 750.75 | AG17: =VLOOKUP(A17,[1]DETALLE!$A$1:$AK$841,16,FALSE) -> 194 | AH17: =VLOOKUP(A17,[1]DETALLE!$A$1:$AK$841,22,FALSE) -> 1.05 | AI17: =VLOOKUP(A17,[1]DETALLE!$A$1:$AK$841,27,FALSE) -> 0 | AJ17: =VLOOKUP(A17,[1]DETALLE!$A$1:$AK$841,18,FALSE) -> Color Laser Printers | AK17: =IF(AE17=AF17,1,0) -> 0 | AL17: =IF(AB17=AG17,1,0) -> 0 | AM17: =IF(AC17=AH17,1,0) -> 0 | AN17: =IF(AD17=AI17,1,0) -> 0 | AO17: =IF(H17=AJ17,1,0) -> 0
A18: 0DRB131260 | B18: 2019 | C18: Qtr 1 | D18: March | E18: 26 | F18: CORRECTIVO | G18: 1.816667 | H18: Entry Production Color Low/Mid | I18: 803 | J18: 1573 | K18: 0.2 | L18: 0.6 | M18: 0.8 | N18: 1.05 | O18: 1.1 | P18: 1.15 | Q18: INTERIOR | R18: 4 | S18: 6 | T18: Ciudad principal | U18: Entry Production Color Low/Mid | V18: XEROX MEXICANA SA DE CV / XEROX MEXICANA | W18: JALISCO | X18: 2019 | Y18: Qtr 2 | Z18: April | AA18: 5 | AB18: 64 | AC18: 1.15 | AD18: 0.45416675 | AE18: 1808.95 | AF18: =VLOOKUP(A18,[1]DETALLE!$A$1:$AK$841,37,FALSE) -> 750.75 | AG18: =VLOOKUP(A18,[1]DETALLE!$A$1:$AK$841,16,FALSE) -> 177 | AH18: =VLOOKUP(A18,[1]DETALLE!$A$1:$AK$841,22,FALSE) -> 1.05 | AI18: =VLOOKUP(A18,[1]DETALLE!$A$1:$AK$841,27,FALSE) -> 0.466 | AJ18: =VLOOKUP(A18,[1]DETALLE!$A$1:$AK$841,18,FALSE) -> Entry Mono Printers | AK18: =IF(AE18=AF18,1,0) -> 0 | AL18: =IF(AB18=AG18,1,0) -> 0 | AM18: =IF(AC18=AH18,1,0) -> 0 | AN18: =IF(AD18=AI18,1,0) -> 0 | AO18: =IF(H18=AJ18,1,0) -> 0
A19: 0XKK418248 | B19: 2019 | C19: Qtr 1 | D19: March | E19: 26 | F19: CORRECTIVO | G19: 0.35 | I19: NA | J19: NA | K19: NA | L19: NA | M19: NA | N19: NA | O19: NA | P19: NA | R19: NA | S19: NA | U19: A3 Office Color Laser MFPs | V19: XEROX MEXICANA SA DE CV / XEROX MEXICANA | W19: COAHUILA | X19: 2019 | Y19: Qtr 2 | Z19: April | AA19: 1 | AB19: 41 | AC19: 1.1 | AD19: 0 | AE19: 1433.25 | AF19: =VLOOKUP(A19,[1]DETALLE!$A$1:$AK$841,37,FALSE) -> #N/A | AG19: =VLOOKUP(A19,[1]DETALLE!$A$1:$AK$841,16,FALSE) -> #N/A | AH19: =VLOOKUP(A19,[1]DETALLE!$A$1:$AK$841,22,FALSE) -> #N/A | AI19: =VLOOKUP(A19,[1]DETALLE!$A$1:$AK$841,27,FALSE) -> #N/A | AJ19: =VLOOKUP(A19,[1]DETALLE!$A$1:$AK$841,18,FALSE) -> #N/A | AK19: =IF(AE19=AF19,1,0) -> #N/A | AL19: =IF(AB19=AG19,1,0) -> #N/A | AM19: =IF(AC19=AH19,1,0) -> #N/A | AN19: =IF(AD19=AI19,1,0) -> #N/A | AO19: =IF(H19=AJ19,1,0) -> #N/A
A20: 0BG2947932 | B20: 2019 | C20: Qtr 1 | D20: March | E20: 27 | F20: CORRECTIVO | G20: 1.433333 | H20: Light Production Digital Business | I20: 803 | J20: 1573 | K20: 0.2 | L20: 0.6 | M20: 0.8 | N20: 1.05 | O20: 1.1 | P20: 1.15 | Q20: INTERIOR | R20: 4 | S20: 6 | T20: Ciudad principal | U20: High End Cut Sheet | V20: XEROX MEXICANA SA DE CV / XEROX MEXICANA | W20: QUERETARO | X20: 2019 | Y20: Qtr 2 | Z20: April | AA20: 15 | AB20: 41 | AC20: 1.1 | AD20: 0.35833325 | AE20: 1730.3 | AF20: =VLOOKUP(A20,[1]DETALLE!$A$1:$AK$841,37,FALSE) -> 1730.3 | AG20: =VLOOKUP(A20,[1]DETALLE!$A$1:$AK$841,16,FALSE) -> 56 | AH20: =VLOOKUP(A20,[1]DETALLE!$A$1:$AK$841,22,FALSE) -> 1.1 | AI20: =VLOOKUP(A20,[1]DETALLE!$A$1:$AK$841,27,FALSE) -> 0.155 | AJ20: =VLOOKUP(A20,[1]DETALLE!$A$1:$AK$841,18,FALSE) -> Entry Production Color Low/Mid | AK20: =IF(AE20=AF20,1,0) -> 1 | AL20: =IF(AB20=AG20,1,0) -> 0 | AM20: =IF(AC20=AH20,1,0) -> 1 | AN20: =IF(AD20=AI20,1,0) -> 0 | AO20: =IF(H20=AJ20,1,0) -> 0
A21: 0EX9293999 | B21: 2019 | C21: Qtr 1 | D21: March | E21: 27 | F21: CORRECTIVO | G21: 1.066667 | H21: Departmental Digital | I21: 655 | J21: 1365 | K21: 0 | L21: 0 | M21: 0.6 | N21: 0.8 | O21: 1.05 | P21: 1.1 | Q21: INTERIOR | R21: 5 | S21: 9 | T21: Ciudad principal | U21: Departmental Digital | V21: XEROX MEXICANA SA DE CV / XEROX MEXICANA | W21: GUANAJUATO | X21: 2019 | Y21: Qtr 2 | Z21: April | AA21: 2 | AB21: 15 | AC21: 0.6 | AD21: 0.2133334 | AE21: 819 | AF21: =VLOOKUP(A21,[1]DETALLE!$A$1:$AK$841,37,FALSE) -> 1501.5 | AG21: =VLOOKUP(A21,[1]DETALLE!$A$1:$AK$841,16,FALSE) -> 150 | AH21: =VLOOKUP(A21,[1]DETALLE!$A$1:$AK$841,22,FALSE) -> 1.1 | AI21: =VLOOKUP(A21,[1]DETALLE!$A$1:$AK$841,27,FALSE) -> 0.554 | AJ21: =VLOOKUP(A21,[1]DETALLE!$A$1:$AK$841,18,FALSE) -> Departmental Digital | AK21: =IF(AE21=AF21,1,0) -> 0 | AL21: =IF(AB21=AG21,1,0) -> 0 | AM21: =IF(AC21=AH21,1,0) -> 0 | AN21: =IF(AD21=AI21,1,0) -> 0 | AO21: =IF(H21=AJ21,1,0) -> 1
A22: 0LBP345977 | B22: 2019 | C22: Qtr 1 | D22: March | E22: 27 | F22: CORRECTIVO | G22: 4 | I22: NA | J22: NA | K22: NA | L22: NA | M22: NA | N22: NA | O22: NA | P22: NA | R22: NA | S22: NA | U22: A4 Mono MFPs | V22: XEROX MEXICANA SA DE CV / XEROX MEXICANA | W22: JALISCO | X22: 2019 | Y22: Qtr 2 | Z22: April | AA22: 3 | AB22: 0 | AC22: 1.1 | AD22: 0 | AE22: 750.75 | AF22: =VLOOKUP(A22,[1]DETALLE!$A$1:$AK$841,37,FALSE) -> 429 | AG22: =VLOOKUP(A22,[1]DETALLE!$A$1:$AK$841,16,FALSE) -> 22 | AH22: =VLOOKUP(A22,[1]DETALLE!$A$1:$AK$841,22,FALSE) -> 0.6 | AI22: =VLOOKUP(A22,[1]DETALLE!$A$1:$AK$841,27,FALSE) -> 0.246 | AJ22: =VLOOKUP(A22,[1]DETALLE!$A$1:$AK$841,18,FALSE) -> Color Laser Printers | AK22: =IF(AE22=AF22,1,0) -> 0 | AL22: =IF(AB22=AG22,1,0) -> 0 | AM22: =IF(AC22=AH22,1,0) -> 0 | AN22: =IF(AD22=AI22,1,0) -> 0 | AO22: =IF(H22=AJ22,1,0) -> 0
A23: 7TX135776 | B23: 2019 | C23: Qtr 1 | D23: March | E23: 27 | F23: MANTENIMIENTO PREVENTIVO | G23: 0 | H23: A3 Office Color Laser MFPs | I23: 655 | J23: 1365 | K23: 0 | L23: 0 | M23: 0.6 | N23: 0.8 | O23: 1.05 | P23: 1.1 | Q23: INTERIOR | R23: 5 | S23: 9 | T23: Ciudad principal | U23: A3 Office Color Laser MFPs | V23: XEROX MEXICANA SA DE CV / XEROX MEXICANA | W23: MICHOACAN | X23: 2019 | Y23: Qtr 2 | Z23: April | AA23: 16 | AB23: 76 | AC23: 0 | AD23: 0 | AE23: 1365 | AF23: =VLOOKUP(A23,[1]DETALLE!$A$1:$AK$841,37,FALSE) -> 1433.25 | AG23: =VLOOKUP(A23,[1]DETALLE!$A$1:$AK$841,16,FALSE) -> 42 | AH23: =VLOOKUP(A23,[1]DETALLE!$A$1:$AK$841,22,FALSE) -> 1.05 | AI23: =VLOOKUP(A23,[1]DETALLE!$A$1:$AK$841,27,FALSE) -> 0 | AJ23: =VLOOKUP(A23,[1]DETALLE!$A$1:$AK$841,18,FALSE) -> Departmental Digital | AK23: =IF(AE23=AF23,1,0) -> 0 | AL23: =IF(AB23=AG23,1,0) -> 0 | AM23: =IF(AC23=AH23,1,0) -> 0 | AN23: =IF(AD23=AI23,1,0) -> 1 | AO23: =IF(H23=AJ23,1,0) -> 0
A24: 03AG880144 | B24: 2019 | C24: Qtr 1 | D24: March | E24: 28 | F24: CORRECTIVO | G24: 0.25 | H24: Departmental Digital | I24: 655 | J24: 1365 | K24: 0 | L24: 0 | M24: 0.6 | N24: 0.8 | O24: 1.05 | P24: 1.1 | Q24: INTERIOR | R24: 5 | S24: 9 | T24: Ciudad principal | U24: Light Production Digital Business | V24: XEROX MEXICANA SA DE CV / XEROX MEXICANA | W24: NUEVO LEON | X24: 2019 | Y24: Qtr 2 | Z24: April | AA24: 2 | AB24: 7 | AC24: 0.6 | AD24: 0.05 | AE24: 819 | AF24: =VLOOKUP(A24,[1]DETALLE!$A$1:$AK$841,37,FALSE) -> 2234.375 | AG24: =VLOOKUP(A24,[1]DETALLE!$A$1:$AK$841,16,FALSE) -> 7 | AH24: =VLOOKUP(A24,[1]DETALLE!$A$1:$AK$841,22,FALSE) -> 1.05 | AI24: =VLOOKUP(A24,[1]DETALLE!$A$1:$AK$841,27,FALSE) -> 1.0333333 | AJ24: =VLOOKUP(A24,[1]DETALLE!$A$1:$AK$841,18,FALSE) -> Xerox Color Press | AK24: =IF(AE24=AF24,1,0) -> 0 | AL24: =IF(AB24=AG24,1,0) -> 1 | AM24: =IF(AC24=AH24,1,0) -> 0 | AN24: =IF(AD24=AI24,1,0) -> 0 | AO24: =IF(H24=AJ24,1,0) -> 0
A25: 03BT801962 | B25: 2019 | C25: Qtr 1 | D25: March | E25: 28 | F25: INSTALACION NUEVA | G25: 0 | H25: A4 Mono MFPs | I25: 468 | J25: 715 | K25: 0 | L25: 0 | M25: 0 | N25: 0.6 | O25: 0.8 | P25: 1.05 | Q25: INTERIOR | R25: 5 | S25: 9 | T25: Ciudad principal | U25: A4 Mono MFPs | V25: XEROX MEXICANA SA DE CV / XEROX MEXICANA | W25: SAN LUIS POTOSI | X25: 2019 | Y25: Qtr 2 | Z25: April | AA25: 1 | AB25: 34 | AC25: 0 | AD25: 0 | AE25: 715 | AF25: =VLOOKUP(A25,[1]DETALLE!$A$1:$AK$841,37,FALSE) -> #N/A | AG25: =VLOOKUP(A25,[1]DETALLE!$A$1:$AK$841,16,FALSE) -> #N/A | AH25: =VLOOKUP(A25,[1]DETALLE!$A$1:$AK$841,22,FALSE) -> #N/A | AI25: =VLOOKUP(A25,[1]DETALLE!$A$1:$AK$841,27,FALSE) -> #N/A | AJ25: =VLOOKUP(A25,[1]DETALLE!$A$1:$AK$841,18,FALSE) -> #N/A | AK25: =IF(AE25=AF25,1,0) -> #N/A | AL25: =IF(AB25=AG25,1,0) -> #N/A | AM25: =IF(AC25=AH25,1,0) -> #N/A | AN25: =IF(AD25=AI25,1,0) -> #N/A | AO25: =IF(H25=AJ25,1,0) -> #N/A
A26: 0A2T369923 | B26: 2019 | C26: Qtr 1 | D26: March | E26: 28 | F26: CORRECTIVO | G26: 0 | H26: A4 Mono MFPs | I26: 468 | J26: 715 | K26: 0 | L26: 0 | M26: 0 | N26: 0.6 | O26: 0.8 | P26: 1.05 | Q26: INTERIOR | R26: 5 | S26: 9 | T26: Otras | U26: A4 Mono MFPs | V26: XEROX MEXICANA SA DE CV / XEROX MEXICANA | W26: TAMAULIPAS | X26: 2019 | Y26: Qtr 2 | Z26: April | AA26: 4 | AB26: 66 | AC26: 1.05 | AD26: 0 | AE26: 750.75 | AF26: =VLOOKUP(A26,[1]DETALLE!$A$1:$AK$841,37,FALSE) -> 1808.95 | AG26: =VLOOKUP(A26,[1]DETALLE!$A$1:$AK$841,16,FALSE) -> 230 | AH26: =VLOOKUP(A26,[1]DETALLE!$A$1:$AK$841,22,FALSE) -> 1.15 | AI26: =VLOOKUP(A26,[1]DETALLE!$A$1:$AK$841,27,FALSE) -> 0.665 | AJ26: =VLOOKUP(A26,[1]DETALLE!$A$1:$AK$841,18,FALSE) -> Entry Production Color Low/Mid | AK26: =IF(AE26=AF26,1,0) -> 0 | AL26: =IF(AB26=AG26,1,0) -> 0 | AM26: =IF(AC26=AH26,1,0) -> 0 | AN26: =IF(AD26=AI26,1,0) -> 0 | AO26: =IF(H26=AJ26,1,0) -> 0
A27: 0BG2946750 | B27: 2019 | C27: Qtr 1 | D27: March | E27: 28 | F27: CORRECTIVO | G27: 1.816667 | H27: Light Production Digital Business | I27: 803 | J27: 1573 | K27: 0.2 | L27: 0.6 | M27: 0.8 | N27: 1.05 | O27: 1.1 | P27: 1.15 | Q27: INTERIOR | R27: 4 | S27: 6 | T27: Ciudad principal | U27: High End Cut Sheet | V27: XEROX MEXICANA SA DE CV / XEROX MEXICANA | W27: CHIHUAHUA | X27: 2019 | Y27: Qtr 2 | Z27: April | AA27: 1 | AB27: 3 | AC27: 0.6 | AD27: 0.45416675 | AE27: 943.8 | AF27: =VLOOKUP(A27,[1]DETALLE!$A$1:$AK$841,37,FALSE) -> -97.5975 | AG27: =VLOOKUP(A27,[1]DETALLE!$A$1:$AK$841,16,FALSE) -> 1 | AH27: =VLOOKUP(A27,[1]DETALLE!$A$1:$AK$841,22,FALSE) -> 0 | AI27: =VLOOKUP(A27,[1]DETALLE!$A$1:$AK$841,27,FALSE) -> 1.546 | AJ27: =VLOOKUP(A27,[1]DETALLE!$A$1:$AK$841,18,FALSE) -> A4 Mono MFPs | AK27: =IF(AE27=AF27,1,0) -> 0 | AL27: =IF(AB27=AG27,1,0) -> 0 | AM27: =IF(AC27=AH27,1,0) -> 0 | AN27: =IF(AD27=AI27,1,0) -> 0 | AO27: =IF(H27=AJ27,1,0) -> 0
A28: 0BG2951627 | B28: 2019 | C28: Qtr 1 | D28: March | E28: 28 | F28: CORRECTIVO | G28: 0.06666667 | H28: Light Production Digital Business | I28: 803 | J28: 1573 | K28: 0.2 | L28: 0.6 | M28: 0.8 | N28: 1.05 | O28: 1.1 | P28: 1.15 | Q28: INTERIOR | R28: 4 | S28: 6 | T28: Ciudad principal | U28: High End Cut Sheet | V28: XEROX MEXICANA SA DE CV / XEROX MEXICANA | W28: TAMAULIPAS | X28: 2019 | Y28: Qtr 2 | Z28: April | AA28: 15 | AB28: 10 | AC28: 0.8 | AD28: 0.016666667 | AE28: 1258.4 | AF28: =VLOOKUP(A28,[1]DETALLE!$A$1:$AK$841,37,FALSE) -> 1501.5 | AG28: =VLOOKUP(A28,[1]DETALLE!$A$1:$AK$841,16,FALSE) -> 89 | AH28: =VLOOKUP(A28,[1]DETALLE!$A$1:$AK$841,22,FALSE) -> 1.1 | AI28: =VLOOKUP(A28,[1]DETALLE!$A$1:$AK$841,27,FALSE) -> 0.054 | AJ28: =VLOOKUP(A28,[1]DETALLE!$A$1:$AK$841,18,FALSE) -> Office Digital | AK28: =IF(AE28=AF28,1,0) -> 0 | AL28: =IF(AB28=AG28,1,0) -> 0 | AM28: =IF(AC28=AH28,1,0) -> 0 | AN28: =IF(AD28=AI28,1,0) -> 0 | AO28: =IF(H28=AJ28,1,0) -> 0
A29: 0EX9293515 | B29: 2019 | C29: Qtr 1 | D29: March | E29: 28 | F29: CORRECTIVO | G29: 0.03333334 | H29: Departmental Digital | I29: 655 | J29: 1365 | K29: 0 | L29: 0 | M29: 0.6 | N29: 0.8 | O29: 1.05 | P29: 1.1 | Q29: INTERIOR | R29: 5 | S29: 9 | T29: Ciudad principal | U29: Departmental Digital | V29: XEROX MEXICANA SA DE CV / XEROX MEXICANA | W29: JALISCO | X29: 2019 | Y29: Qtr 2 | Z29: April | AA29: 1 | AB29: 8 | AC29: 0.6 | AD29: 0.006666668 | AE29: 819 | AF29: =VLOOKUP(A29,[1]DETALLE!$A$1:$AK$841,37,FALSE) -> 819 | AG29: =VLOOKUP(A29,[1]DETALLE!$A$1:$AK$841,16,FALSE) -> 14 | AH29: =VLOOKUP(A29,[1]DETALLE!$A$1:$AK$841,22,FALSE) -> 0.6 | AI29: =VLOOKUP(A29,[1]DETALLE!$A$1:$AK$841,27,FALSE) -> 0.324 | AJ29: =VLOOKUP(A29,[1]DETALLE!$A$1:$AK$841,18,FALSE) -> Departmental Digital | AK29: =IF(AE29=AF29,1,0) -> 1 | AL29: =IF(AB29=AG29,1,0) -> 0 | AM29: =IF(AC29=AH29,1,0) -> 1 | AN29: =IF(AD29=AI29,1,0) -> 0 | AO29: =IF(H29=AJ29,1,0) -> 1
A30: 0FBG479583 | B30: 2019 | C30: Qtr 1 | D30: March | E30: 28 | F30: CORRECTIVO | G30: 1.383333 | H30: Light Production Digital Business | I30: 803 | J30: 1573 | K30: 0.2 | L30: 0.6 | M30: 0.8 | N30: 1.05 | O30: 1.1 | P30: 1.15 | Q30: INTERIOR | R30: 4 | S30: 6 | T30: Otras | U30: High End Cut Sheet | V30: XEROX MEXICANA SA DE CV / XEROX MEXICANA | W30: NUEVO LEON | X30: 2019 | Y30: Qtr 2 | Z30: April | AA30: 4 | AB30: 7 | AC30: 0.8 | AD30: 0.2305555 | AE30: 1258.4 | AF30: =VLOOKUP(A30,[1]DETALLE!$A$1:$AK$841,37,FALSE) -> 0 | AG30: =VLOOKUP(A30,[1]DETALLE!$A$1:$AK$841,16,FALSE) -> 42 | AH30: =VLOOKUP(A30,[1]DETALLE!$A$1:$AK$841,22,FALSE) -> 1.05 | AI30: =VLOOKUP(A30,[1]DETALLE!$A$1:$AK$841,27,FALSE) -> 0.052 | AJ30: =VLOOKUP(A30,[1]DETALLE!$A$1:$AK$841,18,FALSE) -> Office Digital | AK30: =IF(AE30=AF30,1,0) -> 0 | AL30: =IF(AB30=AG30,1,0) -> 0 | AM30: =IF(AC30=AH30,1,0) -> 0 | AN30: =IF(AD30=AI30,1,0) -> 0 | AO30: =IF(H30=AJ30,1,0) -> 0
A31: 0PW4111396 | B31: 2019 | C31: Qtr 1 | D31: March | E31: 28 | F31: MANTENIMIENTO PREVENTIVO | G31: 0 | H31: WF Mono Systems and Legacy Color | I31: 803 | J31: 1573 | K31: 0.2 | L31: 0.6 | M31: 0.8 | N31: 1.05 | O31: 1.1 | P31: 1.15 | Q31: INTERIOR | R31: 4 | S31: 6 | T31: Ciudad principal | U31: WF Mono Systems and Legacy Color | V31: XEROX MEXICANA SA DE CV / XEROX MEXICANA | W31: COAHUILA | X31: 2019 | Y31: Qtr 2 | Z31: April | AA31: 3 | AB31: 156 | AC31: 0 | AD31: 0 | AE31: 1573 | AF31: =VLOOKUP(A31,[1]DETALLE!$A$1:$AK$841,37,FALSE) -> 0 | AG31: =VLOOKUP(A31,[1]DETALLE!$A$1:$AK$841,16,FALSE) -> 34 | AH31: =VLOOKUP(A31,[1]DETALLE!$A$1:$AK$841,22,FALSE) -> 1.05 | AI31: =VLOOKUP(A31,[1]DETALLE!$A$1:$AK$841,27,FALSE) -> 0.282 | AJ31: =VLOOKUP(A31,[1]DETALLE!$A$1:$AK$841,18,FALSE) -> Office Digital | AK31: =IF(AE31=AF31,1,0) -> 0 | AL31: =IF(AB31=AG31,1,0) -> 0 | AM31: =IF(AC31=AH31,1,0) -> 0 | AN31: =IF(AD31=AI31,1,0) -> 0 | AO31: =IF(H31=AJ31,1,0) -> 0
A32: 0BG2940184 | B32: 2019 | C32: Qtr 1 | D32: March | E32: 29 | F32: CORRECTIVO | G32: 0.5 | H32: Light Production Digital Business | I32: 803 | J32: 1573 | K32: 0.2 | L32: 0.6 | M32: 0.8 | N32: 1.05 | O32: 1.1 | P32: 1.15 | Q32: INTERIOR | R32: 4 | S32: 6 | T32: Ciudad principal | U32: High End Cut Sheet | V32: XEROX MEXICANA SA DE CV / XEROX MEXICANA | W32: JALISCO | X32: 2019 | Y32: Qtr 2 | Z32: April | AA32: 4 | AB32: 1 | AC32: 0.2 | AD32: 0.125 | AE32: 314.6 | AF32: =VLOOKUP(A32,[1]DETALLE!$A$1:$AK$841,37,FALSE) -> 750.75 | AG32: =VLOOKUP(A32,[1]DETALLE!$A$1:$AK$841,16,FALSE) -> 854 | AH32: =VLOOKUP(A32,[1]DETALLE!$A$1:$AK$841,22,FALSE) -> 1.05 | AI32: =VLOOKUP(A32,[1]DETALLE!$A$1:$AK$841,27,FALSE) -> 0.312 | AJ32: =VLOOKUP(A32,[1]DETALLE!$A$1:$AK$841,18,FALSE) -> Entry Mono Printers | AK32: =IF(AE32=AF32,1,0) -> 0 | AL32: =IF(AB32=AG32,1,0) -> 0 | AM32: =IF(AC32=AH32,1,0) -> 0 | AN32: =IF(AD32=AI32,1,0) -> 0 | AO32: =IF(H32=AJ32,1,0) -> 0
A33: 0BG2949312 | B33: 2019 | C33: Qtr 1 | D33: March | E33: 29 | F33: CORRECTIVO | G33: 1.316667 | H33: Light Production Digital Business | I33: 803 | J33: 1573 | K33: 0.2 | L33: 0.6 | M33: 0.8 | N33: 1.05 | O33: 1.1 | P33: 1.15 | Q33: INTERIOR | R33: 4 | S33: 6 | T33: Ciudad principal | U33: High End Cut Sheet | V33: XEROX MEXICANA SA DE CV / XEROX MEXICANA | W33: ESTADO DE MEXICO | X33: 2019 | Y33: Qtr 2 | Z33: April | AA33: 1 | AB33: 36 | AC33: 1.1 | AD33: 0.32916675 | AE33: 1730.3 | AF33: =VLOOKUP(A33,[1]DETALLE!$A$1:$AK$841,37,FALSE) -> 1651.65 | AG33: =VLOOKUP(A33,[1]DETALLE!$A$1:$AK$841,16,FALSE) -> 27 | AH33: =VLOOKUP(A33,[1]DETALLE!$A$1:$AK$841,22,FALSE) -> 1.05 | AI33: =VLOOKUP(A33,[1]DETALLE!$A$1:$AK$841,27,FALSE) -> 0.8925 | AJ33: =VLOOKUP(A33,[1]DETALLE!$A$1:$AK$841,18,FALSE) -> Light Production Digital Business | AK33: =IF(AE33=AF33,1,0) -> 0 | AL33: =IF(AB33=AG33,1,0) -> 0 | AM33: =IF(AC33=AH33,1,0) -> 0 | AN33: =IF(AD33=AI33,1,0) -> 0 | AO33: =IF(H33=AJ33,1,0) -> 1
A34: 0CX0060974 | B34: 2019 | C34: Qtr 1 | D34: March | E34: 29 | F34: CORRECTIVO | G34: 0.2333333 | H34: Entry Production Color Mid | I34: 803 | J34: 1573 | K34: 0.2 | L34: 0.6 | M34: 0.8 | N34: 1.05 | O34: 1.1 | P34: 1.15 | Q34: INTERIOR | R34: 4 | S34: 6 | T34: Ciudad principal | U34: Entry Production Color High | V34: XEROX MEXICANA SA DE CV / XEROX MEXICANA | W34: CHIHUAHUA | X34: 2019 | Y34: Qtr 2 | Z34: April | AA34: 1 | AB34: 28 | AC34: 1.05 | AD34: 0.058333325 | AE34: 1651.65 | AF34: =VLOOKUP(A34,[1]DETALLE!$A$1:$AK$841,37,FALSE) -> 679.965 | AG34: =VLOOKUP(A34,[1]DETALLE!$A$1:$AK$841,16,FALSE) -> 575 | AH34: =VLOOKUP(A34,[1]DETALLE!$A$1:$AK$841,22,FALSE) -> 1.05 | AI34: =VLOOKUP(A34,[1]DETALLE!$A$1:$AK$841,27,FALSE) -> 1.396 | AJ34: =VLOOKUP(A34,[1]DETALLE!$A$1:$AK$841,18,FALSE) -> A4 Mono MFPs | AK34: =IF(AE34=AF34,1,0) -> 0 | AL34: =IF(AB34=AG34,1,0) -> 0 | AM34: =IF(AC34=AH34,1,0) -> 1 | AN34: =IF(AD34=AI34,1,0) -> 0 | AO34: =IF(H34=AJ34,1,0) -> 0
... A50: 0A1H020735 | B50: 2019 | C50: Qtr 2 | D50: April | E50: 1 | F50: CORRECTIVO | G50: 0 | H50: WF Mono Systems and Legacy Color | I50: 803 | J50: 1573 | K50: 0.2 | L50: 0.6 | M50: 0.8 | N50: 1.05 | O50: 1.1 | P50: 1.15 | Q50: INTERIOR | R50: 4 | S50: 6 | T50: Ciudad principal | U50: WF Mono Systems and Legacy Color | V50: XEROX MEXICANA SA DE CV / XEROX MEXICANA | W50: CHIHUAHUA | X50: 2019 | Y50: Qtr 2 | Z50: April | AA50: 4 | AB50: 47 | AC50: 1.1 | AD50: 0 | AE50: 1730.3 | AF50: =VLOOKUP(A50,[1]DETALLE!$A$1:$AK$841,37,FALSE) -> 750.75 | AG50: =VLOOKUP(A50,[1]DETALLE!$A$1:$AK$841,16,FALSE) -> 236 | AH50: =VLOOKUP(A50,[1]DETALLE!$A$1:$AK$841,22,FALSE) -> 1.05 | AI50: =VLOOKUP(A50,[1]DETALLE!$A$1:$AK$841,27,FALSE) -> 0.56 | AJ50: =VLOOKUP(A50,[1]DETALLE!$A$1:$AK$841,18,FALSE) -> A4 Mono MFPs | AK50: =IF(AE50=AF50,1,0) -> 0 | AL50: =IF(AB50=AG50,1,0) -> 0 | AM50: =IF(AC50=AH50,1,0) -> 0 | AN50: =IF(AD50=AI50,1,0) -> 0 | AO50: =IF(H50=AJ50,1,0) -> 0
A51: 0A4T021913 | B51: 2019 | C51: Qtr 2 | D51: April | E51: 1 | F51: CORRECTIVO | G51: 1.283333 | I51: NA | J51: NA | K51: NA | L51: NA | M51: NA | N51: NA | O51: NA | P51: NA | R51: NA | S51: NA | U51: A4 Mono MFPs | V51: XEROX MEXICANA SA DE CV / XEROX MEXICANA | W51: CHIHUAHUA | X51: 2019 | Y51: Qtr 2 | Z51: April | AA51: 3 | AB51: 0 | AC51: 1.1 | AD51: 0 | AE51: 750.75 | AF51: =VLOOKUP(A51,[1]DETALLE!$A$1:$AK$841,37,FALSE) -> 0 | AG51: =VLOOKUP(A51,[1]DETALLE!$A$1:$AK$841,16,FALSE) -> 3 | AH51: =VLOOKUP(A51,[1]DETALLE!$A$1:$AK$841,22,FALSE) -> 0 | AI51: =VLOOKUP(A51,[1]DETALLE!$A$1:$AK$841,27,FALSE) -> 0.256 | AJ51: =VLOOKUP(A51,[1]DETALLE!$A$1:$AK$841,18,FALSE) -> Departmental Digital | AK51: =IF(AE51=AF51,1,0) -> 0 | AL51: =IF(AB51=AG51,1,0) -> 0 | AM51: =IF(AC51=AH51,1,0) -> 0 | AN51: =IF(AD51=AI51,1,0) -> 0 | AO51: =IF(H51=AJ51,1,0) -> 0
A52: 0A4T558109 | B52: 2019 | C52: Qtr 2 | D52: April | E52: 1 | F52: CORRECTIVO | G52: 1.666667 | H52: Entry Mono Printers | I52: 468 | J52: 715 | K52: 0 | L52: 0 | M52: 0 | N52: 0.6 | O52: 0.8 | P52: 1.05 | Q52: INTERIOR | R52: 5 | S52: 9 | T52: Ciudad principal | U52: A4 Mono MFPs | V52: XEROX MEXICANA SA DE CV / XEROX MEXICANA | W52: GUANAJUATO | X52: 2019 | Y52: Qtr 2 | Z52: April | AA52: 3 | AB52: 383 | AC52: 1.05 | AD52: 0.3333334 | AE52: 750.75 | AF52: =VLOOKUP(A52,[1]DETALLE!$A$1:$AK$841,37,FALSE) -> 750.75 | AG52: =VLOOKUP(A52,[1]DETALLE!$A$1:$AK$841,16,FALSE) -> 146 | AH52: =VLOOKUP(A52,[1]DETALLE!$A$1:$AK$841,22,FALSE) -> 1.05 | AI52: =VLOOKUP(A52,[1]DETALLE!$A$1:$AK$841,27,FALSE) -> 0.258 | AJ52: =VLOOKUP(A52,[1]DETALLE!$A$1:$AK$841,18,FALSE) -> Entry Mono Printers | AK52: =IF(AE52=AF52,1,0) -> 1 | AL52: =IF(AB52=AG52,1,0) -> 0 | AM52: =IF(AC52=AH52,1,0) -> 1 | AN52: =IF(AD52=AI52,1,0) -> 0 | AO52: =IF(H52=AJ52,1,0) -> 1
A53: 0AE7146573 | B53: 2019 | C53: Qtr 2 | D53: April | E53: 1 | F53: CORRECTIVO | G53: 3.95 | H53: Office Digital | I53: 655 | J53: 1365 | K53: 0 | L53: 0 | M53: 0.6 | N53: 0.8 | O53: 1.05 | P53: 1.1 | Q53: INTERIOR | R53: 5 | S53: 9 | T53: Ciudad principal | U53: Departmental Digital | V53: XEROX MEXICANA SA DE CV / XEROX MEXICANA | W53: TAMAULIPAS | X53: 2019 | Y53: Qtr 2 | Z53: April | AA53: 5 | AB53: 313 | AC53: 1.1 | AD53: 0.79 | AE53: 1501.5 | AF53: =VLOOKUP(A53,[1]DETALLE!$A$1:$AK$841,37,FALSE) -> 1258.4 | AG53: =VLOOKUP(A53,[1]DETALLE!$A$1:$AK$841,16,FALSE) -> 7 | AH53: =VLOOKUP(A53,[1]DETALLE!$A$1:$AK$841,22,FALSE) -> 0.8 | AI53: =VLOOKUP(A53,[1]DETALLE!$A$1:$AK$841,27,FALSE) -> 0.625 | AJ53: =VLOOKUP(A53,[1]DETALLE!$A$1:$AK$841,18,FALSE) -> Entry Production Color Low/Mid | AK53: =IF(AE53=AF53,1,0) -> 0 | AL53: =IF(AB53=AG53,1,0) -> 0 | AM53: =IF(AC53=AH53,1,0) -> 0 | AN53: =IF(AD53=AI53,1,0) -> 0 | AO53: =IF(H53=AJ53,1,0) -> 0
A54: 0BB1252119 | B54: 2019 | C54: Qtr 2 | D54: April | E54: 1 | F54: CORRECTIVO | G54: 0.2833333 | H54: A4 Mono MFPs | I54: 468 | J54: 715 | K54: 0 | L54: 0 | M54: 0 | N54: 0.6 | O54: 0.8 | P54: 1.05 | Q54: INTERIOR | R54: 5 | S54: 9 | T54: Ciudad principal | U54: A4 Mono MFPs | V54: XEROX MEXICANA SA DE CV / XEROX MEXICANA | W54: CHIHUAHUA | X54: 2019 | Y54: Qtr 2 | Z54: April | AA54: 1 | AB54: 32 | AC54: 0.8 | AD54: 0.05666666 | AE54: 572 | AF54: =VLOOKUP(A54,[1]DETALLE!$A$1:$AK$841,37,FALSE) -> 0 | AG54: =VLOOKUP(A54,[1]DETALLE!$A$1:$AK$841,16,FALSE) -> 210 | AH54: =VLOOKUP(A54,[1]DETALLE!$A$1:$AK$841,22,FALSE) -> 1.1 | AI54: =VLOOKUP(A54,[1]DETALLE!$A$1:$AK$841,27,FALSE) -> 0.106 | AJ54: =VLOOKUP(A54,[1]DETALLE!$A$1:$AK$841,18,FALSE) -> Office Digital | AK54: =IF(AE54=AF54,1,0) -> 0 | AL54: =IF(AB54=AG54,1,0) -> 0 | AM54: =IF(AC54=AH54,1,0) -> 0 | AN54: =IF(AD54=AI54,1,0) -> 0 | AO54: =IF(H54=AJ54,1,0) -> 0
A55: 0BG0966721 | B55: 2019 | C55: Qtr 2 | D55: April | E55: 1 | F55: CORRECTIVO | G55: 0.9333333 | H55: Light Production Digital Business | I55: 803 | J55: 1573 | K55: 0.2 | L55: 0.6 | M55: 0.8 | N55: 1.05 | O55: 1.1 | P55: 1.15 | Q55: INTERIOR | R55: 4 | S55: 6 | T55: Ciudad principal | U55: High End Cut Sheet | V55: XEROX MEXICANA SA DE CV / XEROX MEXICANA | W55: GUANAJUATO | X55: 2019 | Y55: Qtr 2 | Z55: April | AA55: 9 | AB55: 4 | AC55: 0.6 | AD55: 0.23333333 | AE55: 943.8 | AF55: =VLOOKUP(A55,[1]DETALLE!$A$1:$AK$841,37,FALSE) -> 1808.95 | AG55: =VLOOKUP(A55,[1]DETALLE!$A$1:$AK$841,16,FALSE) -> 121 | AH55: =VLOOKUP(A55,[1]DETALLE!$A$1:$AK$841,22,FALSE) -> 1.15 | AI55: =VLOOKUP(A55,[1]DETALLE!$A$1:$AK$841,27,FALSE) -> 0.795 | AJ55: =VLOOKUP(A55,[1]DETALLE!$A$1:$AK$841,18,FALSE) -> WF Mono Systems and Legacy Color | AK55: =IF(AE55=AF55,1,0) -> 0 | AL55: =IF(AB55=AG55,1,0) -> 0 | AM55: =IF(AC55=AH55,1,0) -> 0 | AN55: =IF(AD55=AI55,1,0) -> 0 | AO55: =IF(H55=AJ55,1,0) -> 0
A56: 0BG2940370 | B56: 2019 | C56: Qtr 2 | D56: April | E56: 1 | F56: CORRECTIVO | G56: 1.433333 | H56: Light Production Digital Business | I56: 803 | J56: 1573 | K56: 0.2 | L56: 0.6 | M56: 0.8 | N56: 1.05 | O56: 1.1 | P56: 1.15 | Q56: INTERIOR | R56: 4 | S56: 6 | T56: Ciudad principal | U56: High End Cut Sheet | V56: XEROX MEXICANA SA DE CV / XEROX MEXICANA | W56: CHIHUAHUA | X56: 2019 | Y56: Qtr 2 | Z56: April | AA56: 12 | AB56: 12 | AC56: 0.8 | AD56: 0.35833325 | AE56: 1258.4 | AF56: =VLOOKUP(A56,[1]DETALLE!$A$1:$AK$841,37,FALSE) -> 565.565 | AG56: =VLOOKUP(A56,[1]DETALLE!$A$1:$AK$841,16,FALSE) -> 44 | AH56: =VLOOKUP(A56,[1]DETALLE!$A$1:$AK$841,22,FALSE) -> 0.8 | AI56: =VLOOKUP(A56,[1]DETALLE!$A$1:$AK$841,27,FALSE) -> 1.036 | AJ56: =VLOOKUP(A56,[1]DETALLE!$A$1:$AK$841,18,FALSE) -> A4 Color Laser MFPs | AK56: =IF(AE56=AF56,1,0) -> 0 | AL56: =IF(AB56=AG56,1,0) -> 0 | AM56: =IF(AC56=AH56,1,0) -> 1 | AN56: =IF(AD56=AI56,1,0) -> 0 | AO56: =IF(H56=AJ56,1,0) -> 0
A57: 0BG2947159 | B57: 2019 | C57: Qtr 2 | D57: April | E57: 1 | F57: CORRECTIVO | G57: 1.916667 | H57: Light Production Digital Business | I57: 803 | J57: 1573 | K57: 0.2 | L57: 0.6 | M57: 0.8 | N57: 1.05 | O57: 1.1 | P57: 1.15 | Q57: INTERIOR | R57: 4 | S57: 6 | T57: Ciudad principal | U57: High End Cut Sheet | V57: XEROX MEXICANA SA DE CV / XEROX MEXICANA | W57: NUEVO LEON | X57: 2019 | Y57: Qtr 2 | Z57: April | AA57: 4 | AB57: 12 | AC57: 0.8 | AD57: 0.47916675 | AE57: 1258.4 | AF57: =VLOOKUP(A57,[1]DETALLE!$A$1:$AK$841,37,FALSE) -> 1258.4 | AG57: =VLOOKUP(A57,[1]DETALLE!$A$1:$AK$841,16,FALSE) -> 12 | AH57: =VLOOKUP(A57,[1]DETALLE!$A$1:$AK$841,22,FALSE) -> 0.8 | AI57: =VLOOKUP(A57,[1]DETALLE!$A$1:$AK$841,27,FALSE) -> 0.355 | AJ57: =VLOOKUP(A57,[1]DETALLE!$A$1:$AK$841,18,FALSE) -> Entry Production Color Low/Mid | AK57: =IF(AE57=AF57,1,0) -> 1 | AL57: =IF(AB57=AG57,1,0) -> 1 | AM57: =IF(AC57=AH57,1,0) -> 1 | AN57: =IF(AD57=AI57,1,0) -> 0 | AO57: =IF(H57=AJ57,1,0) -> 0
A58: 0BG2947475 | B58: 2019 | C58: Qtr 2 | D58: April | E58: 1 | F58: CORRECTIVO | G58: 0.5833333 | H58: Light Production Digital Business | I58: 803 | J58: 1573 | K58: 0.2 | L58: 0.6 | M58: 0.8 | N58: 1.05 | O58: 1.1 | P58: 1.15 | Q58: INTERIOR | R58: 4 | S58: 6 | T58: Otras | U58: High End Cut Sheet | V58: XEROX MEXICANA SA DE CV / XEROX MEXICANA | W58: COAHUILA | X58: 2019 | Y58: Qtr 2 | Z58: April | AA58: 1 | AB58: 56 | AC58: 1.1 | AD58: 0.097222217 | AE58: 1730.3 | AF58: =VLOOKUP(A58,[1]DETALLE!$A$1:$AK$841,37,FALSE) -> 1808.95 | AG58: =VLOOKUP(A58,[1]DETALLE!$A$1:$AK$841,16,FALSE) -> 116 | AH58: =VLOOKUP(A58,[1]DETALLE!$A$1:$AK$841,22,FALSE) -> 1.15 | AI58: =VLOOKUP(A58,[1]DETALLE!$A$1:$AK$841,27,FALSE) -> 0.5525 | AJ58: =VLOOKUP(A58,[1]DETALLE!$A$1:$AK$841,18,FALSE) -> Entry Production Color Low/Mid | AK58: =IF(AE58=AF58,1,0) -> 0 | AL58: =IF(AB58=AG58,1,0) -> 0 | AM58: =IF(AC58=AH58,1,0) -> 0 | AN58: =IF(AD58=AI58,1,0) -> 0 | AO58: =IF(H58=AJ58,1,0) -> 0
A59: 0BG2951676 | B59: 2019 | C59: Qtr 2 | D59: April | E59: 1 | F59: MANTENIMIENTO PREVENTIVO | G59: 0 | H59: Light Production Digital Business | I59: 803 | J59: 1573 | K59: 0.2 | L59: 0.6 | M59: 0.8 | N59: 1.05 | O59: 1.1 | P59: 1.15 | Q59: INTERIOR | R59: 4 | S59: 6 | T59: Ciudad principal | U59: High End Cut Sheet | V59: XEROX MEXICANA SA DE CV / XEROX MEXICANA | W59: TAMAULIPAS | X59: 2019 | Y59: Qtr 2 | Z59: April | AA59: 1 | AB59: 4 | AC59: 0 | AD59: 0 | AE59: 1573 | AF59: =VLOOKUP(A59,[1]DETALLE!$A$1:$AK$841,37,FALSE) -> #N/A | AG59: =VLOOKUP(A59,[1]DETALLE!$A$1:$AK$841,16,FALSE) -> #N/A | AH59: =VLOOKUP(A59,[1]DETALLE!$A$1:$AK$841,22,FALSE) -> #N/A | AI59: =VLOOKUP(A59,[1]DETALLE!$A$1:$AK$841,27,FALSE) -> #N/A | AJ59: =VLOOKUP(A59,[1]DETALLE!$A$1:$AK$841,18,FALSE) -> #N/A | AK59: =IF(AE59=AF59,1,0) -> #N/A | AL59: =IF(AB59=AG59,1,0) -> #N/A | AM59: =IF(AC59=AH59,1,0) -> #N/A | AN59: =IF(AD59=AI59,1,0) -> #N/A | AO59: =IF(H59=AJ59,1,0) -> #N/A
A60: 0C4X011834 | B60: 2019 | C60: Qtr 2 | D60: April | E60: 1 | F60: MANTENIMIENTO PREVENTIVO | G60: 0 | H60: A4 Mono MFPs | I60: 468 | J60: 715 | K60: 0 | L60: 0 | M60: 0 | N60: 0.6 | O60: 0.8 | P60: 1.05 | Q60: INTERIOR | R60: 5 | S60: 9 | T60: Otras | U60: A4 Mono MFPs | V60: XEROX MEXICANA SA DE CV / XEROX MEXICANA | W60: NUEVO LEON | X60: 2019 | Y60: Qtr 2 | Z60: April | AA60: 1 | AB60: 26 | AC60: 0 | AD60: 0 | AE60: 715 | AF60: =VLOOKUP(A60,[1]DETALLE!$A$1:$AK$841,37,FALSE) -> #N/A | AG60: =VLOOKUP(A60,[1]DETALLE!$A$1:$AK$841,16,FALSE) -> #N/A | AH60: =VLOOKUP(A60,[1]DETALLE!$A$1:$AK$841,22,FALSE) -> #N/A | AI60: =VLOOKUP(A60,[1]DETALLE!$A$1:$AK$841,27,FALSE) -> #N/A | AJ60: =VLOOKUP(A60,[1]DETALLE!$A$1:$AK$841,18,FALSE) -> #N/A | AK60: =IF(AE60=AF60,1,0) -> #N/A | AL60: =IF(AB60=AG60,1,0) -> #N/A | AM60: =IF(AC60=AH60,1,0) -> #N/A | AN60: =IF(AD60=AI60,1,0) -> #N/A | AO60: =IF(H60=AJ60,1,0) -> #N/A
A61: 0C7X246843 | B61: 2019 | C61: Qtr 2 | D61: April | E61: 1 | F61: CORRECTIVO | G61: 0 | H61: A4 Mono MFPs | I61: 468 | J61: 715 | K61: 0 | L61: 0 | M61: 0 | N61: 0.6 | O61: 0.8 | P61: 1.05 | Q61: INTERIOR | R61: 5 | S61: 9 | T61: Ciudad principal | U61: A4 Mono MFPs | V61: XEROX MEXICANA SA DE CV / XEROX MEXICANA | W61: TAMAULIPAS | X61: 2019 | Y61: Qtr 2 | Z61: April | AA61: 1 | AB61: 3 | AC61: 0 | AD61: 0 | AE61: 0 | AF61: =VLOOKUP(A61,[1]DETALLE!$A$1:$AK$841,37,FALSE) -> 0 | AG61: =VLOOKUP(A61,[1]DETALLE!$A$1:$AK$841,16,FALSE) -> 6 | AH61: =VLOOKUP(A61,[1]DETALLE!$A$1:$AK$841,22,FALSE) -> 0 | AI61: =VLOOKUP(A61,[1]DETALLE!$A$1:$AK$841,27,FALSE) -> 0.53 | AJ61: =VLOOKUP(A61,[1]DETALLE!$A$1:$AK$841,18,FALSE) -> Office Digital | AK61: =IF(AE61=AF61,1,0) -> 1 | AL61: =IF(AB61=AG61,1,0) -> 0 | AM61: =IF(AC61=AH61,1,0) -> 1 | AN61: =IF(AD61=AI61,1,0) -> 0 | AO61: =IF(H61=AJ61,1,0) -> 0
A62: 0E2B646633 | B62: 2019 | C62: Qtr 2 | D62: April | E62: 1 | F62: MANTENIMIENTO PREVENTIVO | G62: 0 | H62: Entry Production Color Low/Mid | I62: 803 | J62: 1573 | K62: 0.2 | L62: 0.6 | M62: 0.8 | N62: 1.05 | O62: 1.1 | P62: 1.15 | Q62: INTERIOR | R62: 4 | S62: 6 | T62: Ciudad principal | U62: Entry Production Color Low/Mid | V62: XEROX MEXICANA SA DE CV / XEROX MEXICANA | W62: TAMAULIPAS | X62: 2019 | Y62: Qtr 2 | Z62: April | AA62: 2 | AB62: 25 | AC62: 0 | AD62: 0 | AE62: 1573 | AF62: =VLOOKUP(A62,[1]DETALLE!$A$1:$AK$841,37,FALSE) -> 750.75 | AG62: =VLOOKUP(A62,[1]DETALLE!$A$1:$AK$841,16,FALSE) -> 187 | AH62: =VLOOKUP(A62,[1]DETALLE!$A$1:$AK$841,22,FALSE) -> 1.05 | AI62: =VLOOKUP(A62,[1]DETALLE!$A$1:$AK$841,27,FALSE) -> 0 | AJ62: =VLOOKUP(A62,[1]DETALLE!$A$1:$AK$841,18,FALSE) -> Entry Mono Printers | AK62: =IF(AE62=AF62,1,0) -> 0 | AL62: =IF(AB62=AG62,1,0) -> 0 | AM62: =IF(AC62=AH62,1,0) -> 0 | AN62: =IF(AD62=AI62,1,0) -> 1 | AO62: =IF(H62=AJ62,1,0) -> 0
A63: 0E2B656860 | B63: 2019 | C63: Qtr 2 | D63: April | E63: 1 | F63: MANTENIMIENTO PREVENTIVO | G63: 0 | H63: Entry Production Color Low/Mid | I63: 803 | J63: 1573 | K63: 0.2 | L63: 0.6 | M63: 0.8 | N63: 1.05 | O63: 1.1 | P63: 1.15 | Q63: INTERIOR | R63: 4 | S63: 6 | T63: Ciudad principal | U63: Entry Production Color Low/Mid | V63: XEROX MEXICANA SA DE CV / XEROX MEXICANA | W63: CHIHUAHUA | X63: 2019 | Y63: Qtr 2 | Z63: April | AA63: 1 | AB63: 48 | AC63: 0 | AD63: 0 | AE63: 1573 | AF63: =VLOOKUP(A63,[1]DETALLE!$A$1:$AK$841,37,FALSE) -> #N/A | AG63: =VLOOKUP(A63,[1]DETALLE!$A$1:$AK$841,16,FALSE) -> #N/A | AH63: =VLOOKUP(A63,[1]DETALLE!$A$1:$AK$841,22,FALSE) -> #N/A | AI63: =VLOOKUP(A63,[1]DETALLE!$A$1:$AK$841,27,FALSE) -> #N/A | AJ63: =VLOOKUP(A63,[1]DETALLE!$A$1:$AK$841,18,FALSE) -> #N/A | AK63: =IF(AE63=AF63,1,0) -> #N/A | AL63: =IF(AB63=AG63,1,0) -> #N/A | AM63: =IF(AC63=AH63,1,0) -> #N/A | AN63: =IF(AD63=AI63,1,0) -> #N/A | AO63: =IF(H63=AJ63,1,0) -> #N/A
... A70: 0MX1216569 | B70: 2019 | C70: Qtr 2 | D70: April | E70: 1 | F70: CORRECTIVO | G70: 1.633333 | H70: A3 Office Color Laser MFPs | I70: 655 | J70: 1365 | K70: 0 | L70: 0 | M70: 0.6 | N70: 0.8 | O70: 1.05 | P70: 1.1 | Q70: INTERIOR | R70: 5 | S70: 9 | T70: Ciudad principal | U70: A3 Office Color Laser MFPs | V70: XEROX MEXICANA SA DE CV / XEROX MEXICANA | W70: CHIHUAHUA | X70: 2019 | Y70: Qtr 2 | Z70: April | AA70: 1 | AB70: 255 | AC70: 1.1 | AD70: 0.3266666 | AE70: 1501.5 | AF70: =VLOOKUP(A70,[1]DETALLE!$A$1:$AK$841,37,FALSE) -> 1501.5 | AG70: =VLOOKUP(A70,[1]DETALLE!$A$1:$AK$841,16,FALSE) -> 71 | AH70: =VLOOKUP(A70,[1]DETALLE!$A$1:$AK$841,22,FALSE) -> 1.1 | AI70: =VLOOKUP(A70,[1]DETALLE!$A$1:$AK$841,27,FALSE) -> 0.35 | AJ70: =VLOOKUP(A70,[1]DETALLE!$A$1:$AK$841,18,FALSE) -> Departmental Digital | AK70: =IF(AE70=AF70,1,0) -> 1 | AL70: =IF(AB70=AG70,1,0) -> 0 | AM70: =IF(AC70=AH70,1,0) -> 1 | AN70: =IF(AD70=AI70,1,0) -> 0 | AO70: =IF(H70=AJ70,1,0) -> 0
A71: 0MX4465075 | B71: 2019 | C71: Qtr 2 | D71: April | E71: 1 | F71: CORRECTIVO | G71: 0.3 | I71: NA | J71: NA | K71: NA | L71: NA | M71: NA | N71: NA | O71: NA | P71: NA | R71: NA | S71: NA | U71: A3 Office Color Laser MFPs | V71: XEROX MEXICANA SA DE CV / XEROX MEXICANA | W71: GUANAJUATO | X71: 2019 | Y71: Qtr 2 | Z71: April | AA71: 2 | AB71: 0 | AC71: 1.1 | AD71: 0 | AE71: 1501.5 | AF71: =VLOOKUP(A71,[1]DETALLE!$A$1:$AK$841,37,FALSE) -> 1501.5 | AG71: =VLOOKUP(A71,[1]DETALLE!$A$1:$AK$841,16,FALSE) -> 155 | AH71: =VLOOKUP(A71,[1]DETALLE!$A$1:$AK$841,22,FALSE) -> 1.1 | AI71: =VLOOKUP(A71,[1]DETALLE!$A$1:$AK$841,27,FALSE) -> 0.338 | AJ71: =VLOOKUP(A71,[1]DETALLE!$A$1:$AK$841,18,FALSE) -> A3 Office Color Laser MFPs | AK71: =IF(AE71=AF71,1,0) -> 1 | AL71: =IF(AB71=AG71,1,0) -> 0 | AM71: =IF(AC71=AH71,1,0) -> 1 | AN71: =IF(AD71=AI71,1,0) -> 0 | AO71: =IF(H71=AJ71,1,0) -> 0
A72: 0PW4152292 | B72: 2019 | C72: Qtr 2 | D72: April | E72: 1 | F72: MANTENIMIENTO PREVENTIVO | G72: 0 | H72: WF Mono Systems and Legacy Color | I72: 803 | J72: 1573 | K72: 0.2 | L72: 0.6 | M72: 0.8 | N72: 1.05 | O72: 1.1 | P72: 1.15 | Q72: INTERIOR | R72: 4 | S72: 6 | T72: Ciudad principal | U72: WF Mono Systems and Legacy Color | V72: XEROX MEXICANA SA DE CV / XEROX MEXICANA | W72: JALISCO | X72: 2019 | Y72: Qtr 2 | Z72: April | AA72: 1 | AB72: 5 | AC72: 0 | AD72: 0 | AE72: 1573 | AF72: =VLOOKUP(A72,[1]DETALLE!$A$1:$AK$841,37,FALSE) -> 0 | AG72: =VLOOKUP(A72,[1]DETALLE!$A$1:$AK$841,16,FALSE) -> 2693 | AH72: =VLOOKUP(A72,[1]DETALLE!$A$1:$AK$841,22,FALSE) -> 1.05 | AI72: =VLOOKUP(A72,[1]DETALLE!$A$1:$AK$841,27,FALSE) -> 0.444 | AJ72: =VLOOKUP(A72,[1]DETALLE!$A$1:$AK$841,18,FALSE) -> A4 Mono MFPs | AK72: =IF(AE72=AF72,1,0) -> 0 | AL72: =IF(AB72=AG72,1,0) -> 0 | AM72: =IF(AC72=AH72,1,0) -> 0 | AN72: =IF(AD72=AI72,1,0) -> 0 | AO72: =IF(H72=AJ72,1,0) -> 0
A73: 0RXD109069 | B73: 2019 | C73: Qtr 2 | D73: April | E73: 1 | F73: MANTENIMIENTO PREVENTIVO | G73: 0 | H73: Color Laser Printers | I73: 468 | J73: 715 | K73: 0 | L73: 0 | M73: 0 | N73: 0.6 | O73: 0.8 | P73: 1.05 | Q73: INTERIOR | R73: 5 | S73: 9 | T73: Ciudad principal | U73: Departmental Digital | V73: XEROX MEXICANA SA DE CV / XEROX MEXICANA | W73: CHIHUAHUA | X73: 2019 | Y73: Qtr 2 | Z73: April | AA73: 3 | AB73: 14 | AC73: 0 | AD73: 0 | AE73: 715 | AF73: =VLOOKUP(A73,[1]DETALLE!$A$1:$AK$841,37,FALSE) -> 1527.7763 | AG73: =VLOOKUP(A73,[1]DETALLE!$A$1:$AK$841,16,FALSE) -> 16 | AH73: =VLOOKUP(A73,[1]DETALLE!$A$1:$AK$841,22,FALSE) -> 1.05 | AI73: =VLOOKUP(A73,[1]DETALLE!$A$1:$AK$841,27,FALSE) -> 1.315 | AJ73: =VLOOKUP(A73,[1]DETALLE!$A$1:$AK$841,18,FALSE) -> Light Production Digital Business | AK73: =IF(AE73=AF73,1,0) -> 0 | AL73: =IF(AB73=AG73,1,0) -> 0 | AM73: =IF(AC73=AH73,1,0) -> 0 | AN73: =IF(AD73=AI73,1,0) -> 0 | AO73: =IF(H73=AJ73,1,0) -> 0
A74: 0UHA002004 | B74: 2019 | C74: Qtr 2 | D74: April | E74: 1 | F74: CORRECTIVO | G74: 1.75 | H74: High End Cut Sheet | I74: 1116 | J74: 2145 | K74: 0.6 | L74: 0.8 | M74: 1.05 | N74: 1.1 | O74: 1.15 | P74: 1.2 | Q74: INTERIOR | R74: 3 | S74: 6 | T74: Ciudad principal | U74: High End Cut Sheet | V74: XEROX MEXICANA SA DE CV / XEROX MEXICANA | W74: JALISCO | X74: 2019 | Y74: Qtr 2 | Z74: April | AA74: 2 | AB74: 46 | AC74: 1.15 | AD74: 0.58333333 | AE74: 2466.75 | AF74: =VLOOKUP(A74,[1]DETALLE!$A$1:$AK$841,37,FALSE) -> 1651.65 | AG74: =VLOOKUP(A74,[1]DETALLE!$A$1:$AK$841,16,FALSE) -> 25 | AH74: =VLOOKUP(A74,[1]DETALLE!$A$1:$AK$841,22,FALSE) -> 1.05 | AI74: =VLOOKUP(A74,[1]DETALLE!$A$1:$AK$841,27,FALSE) -> 0.3 | AJ74: =VLOOKUP(A74,[1]DETALLE!$A$1:$AK$841,18,FALSE) -> Light Production Digital Business | AK74: =IF(AE74=AF74,1,0) -> 0 | AL74: =IF(AB74=AG74,1,0) -> 0 | AM74: =IF(AC74=AH74,1,0) -> 0 | AN74: =IF(AD74=AI74,1,0) -> 0 | AO74: =IF(H74=AJ74,1,0) -> 0
A75: 0VGW632064 | B75: 2019 | C75: Qtr 2 | D75: April | E75: 1 | F75: CORRECTIVO | G75: 0 | H75: A3 Professional Color Laser MFPs | I75: 655 | J75: 1365 | K75: 0 | L75: 0 | M75: 0.6 | N75: 0.8 | O75: 1.05 | P75: 1.1 | Q75: INTERIOR | R75: 5 | S75: 9 | T75: Ciudad principal | U75: Entry Production Color Low/Mid | V75: XEROX MEXICANA SA DE CV / XEROX MEXICANA | W75: CHIHUAHUA | X75: 2019 | Y75: Qtr 2 | Z75: April | AA75: 1 | AB75: 10 | AC75: 0.6 | AD75: 0 | AE75: 819 | AF75: =VLOOKUP(A75,[1]DETALLE!$A$1:$AK$841,37,FALSE) -> 750.75 | AG75: =VLOOKUP(A75,[1]DETALLE!$A$1:$AK$841,16,FALSE) -> 61 | AH75: =VLOOKUP(A75,[1]DETALLE!$A$1:$AK$841,22,FALSE) -> 1.05 | AI75: =VLOOKUP(A75,[1]DETALLE!$A$1:$AK$841,27,FALSE) -> 0.488 | AJ75: =VLOOKUP(A75,[1]DETALLE!$A$1:$AK$841,18,FALSE) -> Entry Mono Printers | AK75: =IF(AE75=AF75,1,0) -> 0 | AL75: =IF(AB75=AG75,1,0) -> 0 | AM75: =IF(AC75=AH75,1,0) -> 0 | AN75: =IF(AD75=AI75,1,0) -> 0 | AO75: =IF(H75=AJ75,1,0) -> 0
A76: 0X76092798 | B76: 2019 | C76: Qtr 2 | D76: April | E76: 1 | F76: CORRECTIVO | G76: 1.55 | H76: Departmental Digital | I76: 655 | J76: 1365 | K76: 0 | L76: 0 | M76: 0.6 | N76: 0.8 | O76: 1.05 | P76: 1.1 | Q76: INTERIOR | R76: 5 | S76: 9 | T76: Ciudad principal | U76: Departmental Digital | V76: XEROX MEXICANA SA DE CV / XEROX MEXICANA | W76: JALISCO | X76: 2019 | Y76: Qtr 2 | Z76: April | AA76: 1 | AB76: 264 | AC76: 1.1 | AD76: 0.31 | AE76: 1501.5 | AF76: =VLOOKUP(A76,[1]DETALLE!$A$1:$AK$841,37,FALSE) -> 750.75 | AG76: =VLOOKUP(A76,[1]DETALLE!$A$1:$AK$841,16,FALSE) -> 775 | AH76: =VLOOKUP(A76,[1]DETALLE!$A$1:$AK$841,22,FALSE) -> 1.05 | AI76: =VLOOKUP(A76,[1]DETALLE!$A$1:$AK$841,27,FALSE) -> 0.186 | AJ76: =VLOOKUP(A76,[1]DETALLE!$A$1:$AK$841,18,FALSE) -> A4 Mono MFPs | AK76: =IF(AE76=AF76,1,0) -> 0 | AL76: =IF(AB76=AG76,1,0) -> 0 | AM76: =IF(AC76=AH76,1,0) -> 0 | AN76: =IF(AD76=AI76,1,0) -> 0 | AO76: =IF(H76=AJ76,1,0) -> 0
A77: 0X76707584 | B77: 2019 | C77: Qtr 2 | D77: April | E77: 1 | F77: CORRECTIVO | G77: 0 | H77: Office Digital | I77: 655 | J77: 1365 | K77: 0 | L77: 0 | M77: 0.6 | N77: 0.8 | O77: 1.05 | P77: 1.1 | Q77: INTERIOR | R77: 5 | S77: 9 | T77: Ciudad principal | U77: Departmental Digital | V77: XEROX MEXICANA SA DE CV / XEROX MEXICANA | W77: QUERETARO | X77: 2019 | Y77: Qtr 2 | Z77: April | AA77: 3 | AB77: 5 | AC77: 0 | AD77: 0 | AE77: 0 | AF77: =VLOOKUP(A77,[1]DETALLE!$A$1:$AK$841,37,FALSE) -> 1808.95 | AG77: =VLOOKUP(A77,[1]DETALLE!$A$1:$AK$841,16,FALSE) -> 146 | AH77: =VLOOKUP(A77,[1]DETALLE!$A$1:$AK$841,22,FALSE) -> 1.15 | AI77: =VLOOKUP(A77,[1]DETALLE!$A$1:$AK$841,27,FALSE) -> 0.4125 | AJ77: =VLOOKUP(A77,[1]DETALLE!$A$1:$AK$841,18,FALSE) -> Light Production Digital Business | AK77: =IF(AE77=AF77,1,0) -> 0 | AL77: =IF(AB77=AG77,1,0) -> 0 | AM77: =IF(AC77=AH77,1,0) -> 0 | AN77: =IF(AD77=AI77,1,0) -> 0 | AO77: =IF(H77=AJ77,1,0) -> 0
A78: 0X76707945 | B78: 2019 | C78: Qtr 2 | D78: April | E78: 1 | F78: CORRECTIVO | G78: 1.183333 | H78: Office Digital | I78: 655 | J78: 1365 | K78: 0 | L78: 0 | M78: 0.6 | N78: 0.8 | O78: 1.05 | P78: 1.1 | Q78: INTERIOR | R78: 5 | S78: 9 | T78: Otras | U78: Departmental Digital | V78: XEROX MEXICANA SA DE CV / XEROX MEXICANA | W78: COAHUILA | X78: 2019 | Y78: Qtr 2 | Z78: April | AA78: 1 | AB78: 6 | AC78: 0 | AD78: 0.13148144 | AE78: 0 | AF78: =VLOOKUP(A78,[1]DETALLE!$A$1:$AK$841,37,FALSE) -> 1808.95 | AG78: =VLOOKUP(A78,[1]DETALLE!$A$1:$AK$841,16,FALSE) -> 387 | AH78: =VLOOKUP(A78,[1]DETALLE!$A$1:$AK$841,22,FALSE) -> 1.15 | AI78: =VLOOKUP(A78,[1]DETALLE!$A$1:$AK$841,27,FALSE) -> 0.6875 | AJ78: =VLOOKUP(A78,[1]DETALLE!$A$1:$AK$841,18,FALSE) -> Entry Production Color Low/Mid | AK78: =IF(AE78=AF78,1,0) -> 0 | AL78: =IF(AB78=AG78,1,0) -> 0 | AM78: =IF(AC78=AH78,1,0) -> 0 | AN78: =IF(AD78=AI78,1,0) -> 0 | AO78: =IF(H78=AJ78,1,0) -> 0
A79: 0XEH798026 | B79: 2019 | C79: Qtr 2 | D79: April | E79: 1 | F79: CORRECTIVO | G79: 0.25 | H79: Office Digital | I79: 655 | J79: 1365 | K79: 0 | L79: 0 | M79: 0.6 | N79: 0.8 | O79: 1.05 | P79: 1.1 | Q79: INTERIOR | R79: 5 | S79: 9 | T79: Ciudad principal | U79: Departmental Digital | V79: XEROX MEXICANA SA DE CV / XEROX MEXICANA | W79: CHIHUAHUA | X79: 2019 | Y79: Qtr 2 | Z79: April | AA79: 3 | AB79: 6 | AC79: 0 | AD79: 0.05 | AE79: 0 | AF79: =VLOOKUP(A79,[1]DETALLE!$A$1:$AK$841,37,FALSE) -> 1501.5 | AG79: =VLOOKUP(A79,[1]DETALLE!$A$1:$AK$841,16,FALSE) -> 64 | AH79: =VLOOKUP(A79,[1]DETALLE!$A$1:$AK$841,22,FALSE) -> 1.1 | AI79: =VLOOKUP(A79,[1]DETALLE!$A$1:$AK$841,27,FALSE) -> 0.416 | AJ79: =VLOOKUP(A79,[1]DETALLE!$A$1:$AK$841,18,FALSE) -> Departmental Digital | AK79: =IF(AE79=AF79,1,0) -> 0 | AL79: =IF(AB79=AG79,1,0) -> 0 | AM79: =IF(AC79=AH79,1,0) -> 0 | AN79: =IF(AD79=AI79,1,0) -> 0 | AO79: =IF(H79=AJ79,1,0) -> 0
A80: 0XEH805610 | B80: 2019 | C80: Qtr 2 | D80: April | E80: 1 | F80: CORRECTIVO | G80: 1.116667 | H80: Departmental Digital | I80: 655 | J80: 1365 | K80: 0 | L80: 0 | M80: 0.6 | N80: 0.8 | O80: 1.05 | P80: 1.1 | Q80: INTERIOR | R80: 5 | S80: 9 | T80: Ciudad principal | U80: Departmental Digital | V80: XEROX MEXICANA SA DE CV / XEROX MEXICANA | W80: CHIHUAHUA | X80: 2019 | Y80: Qtr 2 | Z80: April | AA80: 1 | AB80: 53 | AC80: 1.05 | AD80: 0.2233334 | AE80: 1433.25 | AF80: =VLOOKUP(A80,[1]DETALLE!$A$1:$AK$841,37,FALSE) -> 819 | AG80: =VLOOKUP(A80,[1]DETALLE!$A$1:$AK$841,16,FALSE) -> 8 | AH80: =VLOOKUP(A80,[1]DETALLE!$A$1:$AK$841,22,FALSE) -> 0.6 | AI80: =VLOOKUP(A80,[1]DETALLE!$A$1:$AK$841,27,FALSE) -> 0.15 | AJ80: =VLOOKUP(A80,[1]DETALLE!$A$1:$AK$841,18,FALSE) -> Departmental Digital | AK80: =IF(AE80=AF80,1,0) -> 0 | AL80: =IF(AB80=AG80,1,0) -> 0 | AM80: =IF(AC80=AH80,1,0) -> 0 | AN80: =IF(AD80=AI80,1,0) -> 0 | AO80: =IF(H80=AJ80,1,0) -> 1
A81: 0XFN041395 | B81: 2019 | C81: Qtr 2 | D81: April | E81: 1 | F81: CORRECTIVO | G81: 4.166667 | H81: Color Solid Ink Printers | I81: 468 | J81: 715 | K81: 0 | L81: 0 | M81: 0 | N81: 0.6 | O81: 0.8 | P81: 1.05 | Q81: INTERIOR | R81: 5 | S81: 9 | T81: Ciudad principal | U81: Color Solid Ink Printers | V81: XEROX MEXICANA SA DE CV / XEROX MEXICANA | W81: TAMAULIPAS | X81: 2019 | Y81: Qtr 2 | Z81: April | AA81: 2 | AB81: 69 | AC81: 1.05 | AD81: 0.8333334 | AE81: 750.75 | AF81: =VLOOKUP(A81,[1]DETALLE!$A$1:$AK$841,37,FALSE) -> 1501.5 | AG81: =VLOOKUP(A81,[1]DETALLE!$A$1:$AK$841,16,FALSE) -> 287 | AH81: =VLOOKUP(A81,[1]DETALLE!$A$1:$AK$841,22,FALSE) -> 1.1 | AI81: =VLOOKUP(A81,[1]DETALLE!$A$1:$AK$841,27,FALSE) -> 0 | AJ81: =VLOOKUP(A81,[1]DETALLE!$A$1:$AK$841,18,FALSE) -> Office Digital | AK81: =IF(AE81=AF81,1,0) -> 0 | AL81: =IF(AB81=AG81,1,0) -> 0 | AM81: =IF(AC81=AH81,1,0) -> 0 | AN81: =IF(AD81=AI81,1,0) -> 0 | AO81: =IF(H81=AJ81,1,0) -> 0
A82: 0XFN041542 | B82: 2019 | C82: Qtr 2 | D82: April | E82: 1 | F82: CORRECTIVO | G82: 3.966667 | H82: Color Solid Ink Printers | I82: 468 | J82: 715 | K82: 0 | L82: 0 | M82: 0 | N82: 0.6 | O82: 0.8 | P82: 1.05 | Q82: INTERIOR | R82: 5 | S82: 9 | T82: Ciudad principal | U82: Color Solid Ink Printers | V82: XEROX MEXICANA SA DE CV / XEROX MEXICANA | W82: TAMAULIPAS | X82: 2019 | Y82: Qtr 2 | Z82: April | AA82: 2 | AB82: 20 | AC82: 0.6 | AD82: 0.7933334 | AE82: 429 | AF82: =VLOOKUP(A82,[1]DETALLE!$A$1:$AK$841,37,FALSE) -> 1433.25 | AG82: =VLOOKUP(A82,[1]DETALLE!$A$1:$AK$841,16,FALSE) -> 48 | AH82: =VLOOKUP(A82,[1]DETALLE!$A$1:$AK$841,22,FALSE) -> 1.05 | AI82: =VLOOKUP(A82,[1]DETALLE!$A$1:$AK$841,27,FALSE) -> 0.26 | AJ82: =VLOOKUP(A82,[1]DETALLE!$A$1:$AK$841,18,FALSE) -> Office Digital | AK82: =IF(AE82=AF82,1,0) -> 0 | AL82: =IF(AB82=AG82,1,0) -> 0 | AM82: =IF(AC82=AH82,1,0) -> 0 | AN82: =IF(AD82=AI82,1,0) -> 0 | AO82: =IF(H82=AJ82,1,0) -> 0
A83: 0XLT280678 | B83: 2019 | C83: Qtr 2 | D83: April | E83: 1 | F83: CORRECTIVO | G83: 0 | H83: Entry Mono Printers | I83: 468 | J83: 715 | K83: 0 | L83: 0 | M83: 0 | N83: 0.6 | O83: 0.8 | P83: 1.05 | Q83: INTERIOR | R83: 5 | S83: 9 | T83: Ciudad principal | U83: Entry Mono Printers | V83: XEROX MEXICANA SA DE CV / XEROX MEXICANA | W83: CHIHUAHUA | X83: 2019 | Y83: Qtr 2 | Z83: April | AA83: 3 | AB83: 36 | AC83: 0.8 | AD83: 0 | AE83: 572 | AF83: =VLOOKUP(A83,[1]DETALLE!$A$1:$AK$841,37,FALSE) -> 0 | AG83: =VLOOKUP(A83,[1]DETALLE!$A$1:$AK$841,16,FALSE) -> 5 | AH83: =VLOOKUP(A83,[1]DETALLE!$A$1:$AK$841,22,FALSE) -> 0.6 | AI83: =VLOOKUP(A83,[1]DETALLE!$A$1:$AK$841,27,FALSE) -> 0.1575 | AJ83: =VLOOKUP(A83,[1]DETALLE!$A$1:$AK$841,18,FALSE) -> Light Production Digital Business | AK83: =IF(AE83=AF83,1,0) -> 0 | AL83: =IF(AB83=AG83,1,0) -> 0 | AM83: =IF(AC83=AH83,1,0) -> 0 | AN83: =IF(AD83=AI83,1,0) -> 0 | AO83: =IF(H83=AJ83,1,0) -> 0
... A86: 0Y4X830352 | B86: 2019 | C86: Qtr 2 | D86: April | E86: 1 | F86: CORRECTIVO | G86: 0.4833333 | H86: Departmental Digital | I86: 655 | J86: 1365 | K86: 0 | L86: 0 | M86: 0.6 | N86: 0.8 | O86: 1.05 | P86: 1.1 | Q86: INTERIOR | R86: 5 | S86: 9 | T86: Ciudad principal | U86: Light Production Digital Business | V86: XEROX MEXICANA SA DE CV / XEROX MEXICANA | W86: DURANGO | X86: 2019 | Y86: Qtr 2 | Z86: April | AA86: 2 | AB86: 32 | AC86: 1.05 | AD86: 0.09666666 | AE86: 1433.25 | AF86: =VLOOKUP(A86,[1]DETALLE!$A$1:$AK$841,37,FALSE) -> 1808.95 | AG86: =VLOOKUP(A86,[1]DETALLE!$A$1:$AK$841,16,FALSE) -> 185 | AH86: =VLOOKUP(A86,[1]DETALLE!$A$1:$AK$841,22,FALSE) -> 1.15 | AI86: =VLOOKUP(A86,[1]DETALLE!$A$1:$AK$841,27,FALSE) -> 0.5 | AJ86: =VLOOKUP(A86,[1]DETALLE!$A$1:$AK$841,18,FALSE) -> WF Mono Systems and Legacy Color | AK86: =IF(AE86=AF86,1,0) -> 0 | AL86: =IF(AB86=AG86,1,0) -> 0 | AM86: =IF(AC86=AH86,1,0) -> 0 | AN86: =IF(AD86=AI86,1,0) -> 0 | AO86: =IF(H86=AJ86,1,0) -> 0
A87: C7X376359 | B87: 2019 | C87: Qtr 2 | D87: April | E87: 1 | F87: CORRECTIVO | G87: 0.3166667 | I87: NA | J87: NA | K87: NA | L87: NA | M87: NA | N87: NA | O87: NA | P87: NA | R87: NA | S87: NA | U87: A4 Mono MFPs | V87: XEROX MEXICANA SA DE CV / XEROX MEXICANA | W87: COAHUILA | X87: 2019 | Y87: Qtr 2 | Z87: April | AA87: 4 | AB87: 75 | AC87: 1.1 | AD87: 0 | AE87: 750.75 | AF87: =VLOOKUP(A87,[1]DETALLE!$A$1:$AK$841,37,FALSE) -> #N/A | AG87: =VLOOKUP(A87,[1]DETALLE!$A$1:$AK$841,16,FALSE) -> #N/A | AH87: =VLOOKUP(A87,[1]DETALLE!$A$1:$AK$841,22,FALSE) -> #N/A | AI87: =VLOOKUP(A87,[1]DETALLE!$A$1:$AK$841,27,FALSE) -> #N/A | AJ87: =VLOOKUP(A87,[1]DETALLE!$A$1:$AK$841,18,FALSE) -> #N/A | AK87: =IF(AE87=AF87,1,0) -> #N/A | AL87: =IF(AB87=AG87,1,0) -> #N/A | AM87: =IF(AC87=AH87,1,0) -> #N/A | AN87: =IF(AD87=AI87,1,0) -> #N/A | AO87: =IF(H87=AJ87,1,0) -> #N/A
